time,prediction,verified
10/1/16 0:00,1.885,1.801
10/1/16 0:06,1.913,1.828
10/1/16 0:12,1.939,1.852
10/1/16 0:18,1.964,1.874
10/1/16 0:24,1.987,1.897
10/1/16 0:30,2.007,1.919
10/1/16 0:36,2.026,1.937
10/1/16 0:42,2.043,1.954
10/1/16 0:48,2.058,1.972
10/1/16 0:54,2.071,1.985
10/1/16 1:00,2.082,1.992
10/1/16 1:06,2.09,2
10/1/16 1:12,2.096,2.01
10/1/16 1:18,2.099,2.018
10/1/16 1:24,2.1,2.023
10/1/16 1:30,2.099,2.024
10/1/16 1:36,2.095,2.023
10/1/16 1:42,2.089,2.022
10/1/16 1:48,2.08,2.015
10/1/16 1:54,2.068,2.01
10/1/16 2:00,2.054,2
10/1/16 2:06,2.037,1.986
10/1/16 2:12,2.018,1.974
10/1/16 2:18,1.996,1.954
10/1/16 2:24,1.972,1.936
10/1/16 2:30,1.945,1.917
10/1/16 2:36,1.917,1.889
10/1/16 2:42,1.886,1.858
10/1/16 2:48,1.852,1.824
10/1/16 2:54,1.817,1.787
10/1/16 3:00,1.781,1.749
10/1/16 3:06,1.742,1.712
10/1/16 3:12,1.702,1.672
10/1/16 3:18,1.66,1.633
10/1/16 3:24,1.617,1.59
10/1/16 3:30,1.573,1.546
10/1/16 3:36,1.528,1.493
10/1/16 3:42,1.481,1.439
10/1/16 3:48,1.434,1.384
10/1/16 3:54,1.386,1.334
10/1/16 4:00,1.337,1.284
10/1/16 4:06,1.288,1.233
10/1/16 4:12,1.238,1.177
10/1/16 4:18,1.188,1.126
10/1/16 4:24,1.138,1.07
10/1/16 4:30,1.087,1.023
10/1/16 4:36,1.037,0.977
10/1/16 4:42,0.986,0.932
10/1/16 4:48,0.935,0.885
10/1/16 4:54,0.885,0.836
10/1/16 5:00,0.835,0.792
10/1/16 5:06,0.785,0.743
10/1/16 5:12,0.737,0.698
10/1/16 5:18,0.688,0.652
10/1/16 5:24,0.641,0.605
10/1/16 5:30,0.595,0.559
10/1/16 5:36,0.55,0.509
10/1/16 5:42,0.506,0.461
10/1/16 5:48,0.464,0.417
10/1/16 5:54,0.424,0.373
10/1/16 6:00,0.386,0.336
10/1/16 6:06,0.349,0.301
10/1/16 6:12,0.315,0.274
10/1/16 6:18,0.284,0.245
10/1/16 6:24,0.255,0.22
10/1/16 6:30,0.229,0.196
10/1/16 6:36,0.205,0.174
10/1/16 6:42,0.185,0.148
10/1/16 6:48,0.167,0.128
10/1/16 6:54,0.153,0.105
10/1/16 7:00,0.141,0.094
10/1/16 7:06,0.133,0.082
10/1/16 7:12,0.128,0.074
10/1/16 7:18,0.126,0.074
10/1/16 7:24,0.127,0.071
10/1/16 7:30,0.131,0.074
10/1/16 7:36,0.139,0.081
10/1/16 7:42,0.149,0.097
10/1/16 7:48,0.161,0.108
10/1/16 7:54,0.177,0.125
10/1/16 8:00,0.195,0.146
10/1/16 8:06,0.216,0.173
10/1/16 8:12,0.238,0.197
10/1/16 8:18,0.263,0.223
10/1/16 8:24,0.291,0.248
10/1/16 8:30,0.32,0.276
10/1/16 8:36,0.351,0.314
10/1/16 8:42,0.384,0.357
10/1/16 8:48,0.418,0.408
10/1/16 8:54,0.454,0.458
10/1/16 9:00,0.491,0.503
10/1/16 9:06,0.53,0.545
10/1/16 9:12,0.57,0.591
10/1/16 9:18,0.611,0.642
10/1/16 9:24,0.653,0.685
10/1/16 9:30,0.696,0.736
10/1/16 9:36,0.74,0.781
10/1/16 9:42,0.785,0.825
10/1/16 9:48,0.83,0.862
10/1/16 9:54,0.876,0.905
10/1/16 10:00,0.923,0.945
10/1/16 10:06,0.97,0.991
10/1/16 10:12,1.017,1.037
10/1/16 10:18,1.064,1.082
10/1/16 10:24,1.112,1.127
10/1/16 10:30,1.159,1.167
10/1/16 10:36,1.207,1.211
10/1/16 10:42,1.254,1.255
10/1/16 10:48,1.3,1.3
10/1/16 10:54,1.346,1.341
10/1/16 11:00,1.392,1.386
10/1/16 11:06,1.437,1.427
10/1/16 11:12,1.481,1.469
10/1/16 11:18,1.524,1.505
10/1/16 11:24,1.566,1.545
10/1/16 11:30,1.607,1.583
10/1/16 11:36,1.647,1.62
10/1/16 11:42,1.686,1.658
10/1/16 11:48,1.723,1.697
10/1/16 11:54,1.759,1.729
10/1/16 12:00,1.794,1.763
10/1/16 12:06,1.827,1.796
10/1/16 12:12,1.858,1.825
10/1/16 12:18,1.889,1.847
10/1/16 12:24,1.917,1.869
10/1/16 12:30,1.944,1.891
10/1/16 12:36,1.97,1.912
10/1/16 12:42,1.993,1.932
10/1/16 12:48,2.015,1.947
10/1/16 12:54,2.035,1.964
10/1/16 13:00,2.054,1.98
10/1/16 13:06,2.07,1.996
10/1/16 13:12,2.084,2.013
10/1/16 13:18,2.097,2.029
10/1/16 13:24,2.107,2.041
10/1/16 13:30,2.115,2.055
10/1/16 13:36,2.121,2.067
10/1/16 13:42,2.124,2.076
10/1/16 13:48,2.126,2.08
10/1/16 13:54,2.125,2.082
10/1/16 14:00,2.121,2.08
10/1/16 14:06,2.115,2.077
10/1/16 14:12,2.106,2.072
10/1/16 14:18,2.095,2.068
10/1/16 14:24,2.082,2.059
10/1/16 14:30,2.065,2.048
10/1/16 14:36,2.047,2.035
10/1/16 14:42,2.026,2.016
10/1/16 14:48,2.002,1.996
10/1/16 14:54,1.976,1.978
10/1/16 15:00,1.948,1.959
10/1/16 15:06,1.918,1.934
10/1/16 15:12,1.886,1.903
10/1/16 15:18,1.852,1.869
10/1/16 15:24,1.815,1.831
10/1/16 15:30,1.777,1.793
10/1/16 15:36,1.738,1.754
10/1/16 15:42,1.697,1.714
10/1/16 15:48,1.655,1.674
10/1/16 15:54,1.611,1.627
10/1/16 16:00,1.566,1.583
10/1/16 16:06,1.52,1.536
10/1/16 16:12,1.474,1.49
10/1/16 16:18,1.426,1.441
10/1/16 16:24,1.378,1.391
10/1/16 16:30,1.329,1.337
10/1/16 16:36,1.28,1.283
10/1/16 16:42,1.23,1.228
10/1/16 16:48,1.18,1.179
10/1/16 16:54,1.129,1.13
10/1/16 17:00,1.079,1.085
10/1/16 17:06,1.028,1.04
10/1/16 17:12,0.977,0.993
10/1/16 17:18,0.927,0.947
10/1/16 17:24,0.877,0.902
10/1/16 17:30,0.827,0.857
10/1/16 17:36,0.778,0.813
10/1/16 17:42,0.729,0.772
10/1/16 17:48,0.682,0.73
10/1/16 17:54,0.635,0.686
10/1/16 18:00,0.59,0.648
10/1/16 18:06,0.546,0.607
10/1/16 18:12,0.503,0.574
10/1/16 18:18,0.462,0.532
10/1/16 18:24,0.423,0.494
10/1/16 18:30,0.386,0.466
10/1/16 18:36,0.351,0.439
10/1/16 18:42,0.319,0.407
10/1/16 18:48,0.289,0.38
10/1/16 18:54,0.262,0.349
10/1/16 19:00,0.238,0.322
10/1/16 19:06,0.216,0.302
10/1/16 19:12,0.198,0.281
10/1/16 19:18,0.182,0.266
10/1/16 19:24,0.17,0.252
10/1/16 19:30,0.161,0.242
10/1/16 19:36,0.155,0.228
10/1/16 19:42,0.152,0.221
10/1/16 19:48,0.152,0.216
10/1/16 19:54,0.155,0.213
10/1/16 20:00,0.162,0.219
10/1/16 20:06,0.171,0.225
10/1/16 20:12,0.183,0.239
10/1/16 20:18,0.197,0.252
10/1/16 20:24,0.215,0.265
10/1/16 20:30,0.234,0.279
10/1/16 20:36,0.256,0.293
10/1/16 20:42,0.281,0.313
10/1/16 20:48,0.307,0.337
10/1/16 20:54,0.335,0.359
10/1/16 21:00,0.366,0.392
10/1/16 21:06,0.398,0.416
10/1/16 21:12,0.432,0.447
10/1/16 21:18,0.467,0.475
10/1/16 21:24,0.503,0.513
10/1/16 21:30,0.542,0.554
10/1/16 21:36,0.581,0.601
10/1/16 21:42,0.621,0.645
10/1/16 21:48,0.663,0.692
10/1/16 21:54,0.705,0.736
10/1/16 22:00,0.749,0.783
10/1/16 22:06,0.793,0.824
10/1/16 22:12,0.838,0.868
10/1/16 22:18,0.883,0.915
10/1/16 22:24,0.929,0.965
10/1/16 22:30,0.975,1.018
10/1/16 22:36,1.022,1.065
10/1/16 22:42,1.069,1.114
10/1/16 22:48,1.115,1.159
10/1/16 22:54,1.162,1.207
10/1/16 23:00,1.208,1.254
10/1/16 23:06,1.255,1.307
10/1/16 23:12,1.3,1.351
10/1/16 23:18,1.346,1.396
10/1/16 23:24,1.39,1.436
10/1/16 23:30,1.434,1.477
10/1/16 23:36,1.477,1.519
10/1/16 23:42,1.519,1.559
10/1/16 23:48,1.559,1.598
10/1/16 23:54,1.599,1.635
10/2/16 0:00,1.637,1.666
10/2/16 0:06,1.674,1.704
10/2/16 0:12,1.71,1.738
10/2/16 0:18,1.744,1.771
10/2/16 0:24,1.777,1.802
10/2/16 0:30,1.808,1.828
10/2/16 0:36,1.838,1.854
10/2/16 0:42,1.865,1.879
10/2/16 0:48,1.892,1.904
10/2/16 0:54,1.916,1.927
10/2/16 1:00,1.939,1.945
10/2/16 1:06,1.959,1.964
10/2/16 1:12,1.978,1.98
10/2/16 1:18,1.995,1.996
10/2/16 1:24,2.01,2.01
10/2/16 1:30,2.023,2.025
10/2/16 1:36,2.034,2.035
10/2/16 1:42,2.043,2.045
10/2/16 1:48,2.05,2.053
10/2/16 1:54,2.054,2.055
10/2/16 2:00,2.056,2.059
10/2/16 2:06,2.056,2.062
10/2/16 2:12,2.053,2.058
10/2/16 2:18,2.048,2.057
10/2/16 2:24,2.04,2.056
10/2/16 2:30,2.03,2.05
10/2/16 2:36,2.017,2.041
10/2/16 2:42,2.002,2.032
10/2/16 2:48,1.984,2.018
10/2/16 2:54,1.964,2.003
10/2/16 3:00,1.941,1.986
10/2/16 3:06,1.916,1.966
10/2/16 3:12,1.889,1.942
10/2/16 3:18,1.859,1.916
10/2/16 3:24,1.827,1.888
10/2/16 3:30,1.794,1.855
10/2/16 3:36,1.758,1.82
10/2/16 3:42,1.72,1.785
10/2/16 3:48,1.681,1.747
10/2/16 3:54,1.64,1.71
10/2/16 4:00,1.598,1.673
10/2/16 4:06,1.554,1.635
10/2/16 4:12,1.51,1.593
10/2/16 4:18,1.464,1.549
10/2/16 4:24,1.418,1.502
10/2/16 4:30,1.37,1.456
10/2/16 4:36,1.323,1.411
10/2/16 4:42,1.274,1.364
10/2/16 4:48,1.226,1.315
10/2/16 4:54,1.177,1.265
10/2/16 5:00,1.127,1.216
10/2/16 5:06,1.078,1.168
10/2/16 5:12,1.029,1.117
10/2/16 5:18,0.98,1.067
10/2/16 5:24,0.931,1.019
10/2/16 5:30,0.883,0.969
10/2/16 5:36,0.834,0.922
10/2/16 5:42,0.787,0.871
10/2/16 5:48,0.74,0.824
10/2/16 5:54,0.694,0.777
10/2/16 6:00,0.649,0.733
10/2/16 6:06,0.604,0.69
10/2/16 6:12,0.561,0.649
10/2/16 6:18,0.52,0.609
10/2/16 6:24,0.479,0.571
10/2/16 6:30,0.441,0.534
10/2/16 6:36,0.404,0.5
10/2/16 6:42,0.369,0.466
10/2/16 6:48,0.336,0.436
10/2/16 6:54,0.305,0.407
10/2/16 7:00,0.277,0.38
10/2/16 7:06,0.251,0.353
10/2/16 7:12,0.228,0.326
10/2/16 7:18,0.208,0.3
10/2/16 7:24,0.191,0.276
10/2/16 7:30,0.176,0.254
10/2/16 7:36,0.165,0.24
10/2/16 7:42,0.156,0.226
10/2/16 7:48,0.151,0.216
10/2/16 7:54,0.149,0.211
10/2/16 8:00,0.15,0.208
10/2/16 8:06,0.154,0.21
10/2/16 8:12,0.161,0.214
10/2/16 8:18,0.171,0.225
10/2/16 8:24,0.183,0.239
10/2/16 8:30,0.199,0.262
10/2/16 8:36,0.217,0.289
10/2/16 8:42,0.237,0.32
10/2/16 8:48,0.26,0.35
10/2/16 8:54,0.285,0.383
10/2/16 9:00,0.313,0.414
10/2/16 9:06,0.342,0.45
10/2/16 9:12,0.373,0.485
10/2/16 9:18,0.406,0.52
10/2/16 9:24,0.44,0.56
10/2/16 9:30,0.476,0.595
10/2/16 9:36,0.513,0.634
10/2/16 9:42,0.552,0.668
10/2/16 9:48,0.591,0.705
10/2/16 9:54,0.632,0.741
10/2/16 10:00,0.674,0.775
10/2/16 10:06,0.716,0.812
10/2/16 10:12,0.759,0.849
10/2/16 10:18,0.803,0.883
10/2/16 10:24,0.847,0.921
10/2/16 10:30,0.892,0.958
10/2/16 10:36,0.937,0.997
10/2/16 10:42,0.983,1.032
10/2/16 10:48,1.029,1.064
10/2/16 10:54,1.075,1.1
10/2/16 11:00,1.121,1.138
10/2/16 11:06,1.167,1.179
10/2/16 11:12,1.213,1.223
10/2/16 11:18,1.258,1.268
10/2/16 11:24,1.303,1.312
10/2/16 11:30,1.348,1.354
10/2/16 11:36,1.392,1.392
10/2/16 11:42,1.436,1.428
10/2/16 11:48,1.479,1.467
10/2/16 11:54,1.521,1.503
10/2/16 12:00,1.562,1.543
10/2/16 12:06,1.602,1.583
10/2/16 12:12,1.641,1.62
10/2/16 12:18,1.679,1.656
10/2/16 12:24,1.715,1.692
10/2/16 12:30,1.751,1.719
10/2/16 12:36,1.785,1.751
10/2/16 12:42,1.817,1.782
10/2/16 12:48,1.848,1.811
10/2/16 12:54,1.878,1.842
10/2/16 13:00,1.906,1.868
10/2/16 13:06,1.932,1.888
10/2/16 13:12,1.957,1.909
10/2/16 13:18,1.98,1.929
10/2/16 13:24,2.002,1.95
10/2/16 13:30,2.022,1.969
10/2/16 13:36,2.04,1.989
10/2/16 13:42,2.056,2.004
10/2/16 13:48,2.071,2.019
10/2/16 13:54,2.083,2.035
10/2/16 14:00,2.094,2.049
10/2/16 14:06,2.102,2.057
10/2/16 14:12,2.109,2.068
10/2/16 14:18,2.113,2.075
10/2/16 14:24,2.115,2.077
10/2/16 14:30,2.115,2.082
10/2/16 14:36,2.113,2.083
10/2/16 14:42,2.108,2.082
10/2/16 14:48,2.101,2.082
10/2/16 14:54,2.091,2.074
10/2/16 15:00,2.079,2.066
10/2/16 15:06,2.065,2.061
10/2/16 15:12,2.048,2.05
10/2/16 15:18,2.029,2.039
10/2/16 15:24,2.007,2.024
10/2/16 15:30,1.983,2.003
10/2/16 15:36,1.956,1.982
10/2/16 15:42,1.928,1.962
10/2/16 15:48,1.897,1.935
10/2/16 15:54,1.864,1.905
10/2/16 16:00,1.829,1.869
10/2/16 16:06,1.792,1.833
10/2/16 16:12,1.754,1.794
10/2/16 16:18,1.714,1.756
10/2/16 16:24,1.673,1.723
10/2/16 16:30,1.63,1.687
10/2/16 16:36,1.586,1.654
10/2/16 16:42,1.541,1.614
10/2/16 16:48,1.495,1.572
10/2/16 16:54,1.448,1.527
10/2/16 17:00,1.401,1.48
10/2/16 17:06,1.353,1.433
10/2/16 17:12,1.304,1.388
10/2/16 17:18,1.256,1.337
10/2/16 17:24,1.207,1.286
10/2/16 17:30,1.157,1.236
10/2/16 17:36,1.108,1.188
10/2/16 17:42,1.059,1.144
10/2/16 17:48,1.01,1.099
10/2/16 17:54,0.961,1.058
10/2/16 18:00,0.913,1.017
10/2/16 18:06,0.865,0.975
10/2/16 18:12,0.817,0.935
10/2/16 18:18,0.771,0.891
10/2/16 18:24,0.725,0.846
10/2/16 18:30,0.68,0.806
10/2/16 18:36,0.636,0.768
10/2/16 18:42,0.593,0.732
10/2/16 18:48,0.552,0.701
10/2/16 18:54,0.512,0.669
10/2/16 19:00,0.474,0.632
10/2/16 19:06,0.438,0.591
10/2/16 19:12,0.403,0.562
10/2/16 19:18,0.371,0.535
10/2/16 19:24,0.341,0.514
10/2/16 19:30,0.314,0.494
10/2/16 19:36,0.289,0.471
10/2/16 19:42,0.267,0.449
10/2/16 19:48,0.247,0.423
10/2/16 19:54,0.231,0.405
10/2/16 20:00,0.217,0.389
10/2/16 20:06,0.207,0.382
10/2/16 20:12,0.199,0.371
10/2/16 20:18,0.195,0.367
10/2/16 20:24,0.193,0.362
10/2/16 20:30,0.195,0.358
10/2/16 20:36,0.2,0.361
10/2/16 20:42,0.207,0.37
10/2/16 20:48,0.217,0.377
10/2/16 20:54,0.23,0.392
10/2/16 21:00,0.246,0.4
10/2/16 21:06,0.264,0.413
10/2/16 21:12,0.284,0.434
10/2/16 21:18,0.307,0.453
10/2/16 21:24,0.332,0.473
10/2/16 21:30,0.359,0.493
10/2/16 21:36,0.388,0.515
10/2/16 21:42,0.418,0.54
10/2/16 21:48,0.45,0.569
10/2/16 21:54,0.484,0.6
10/2/16 22:00,0.519,0.635
10/2/16 22:06,0.555,0.67
10/2/16 22:12,0.592,0.708
10/2/16 22:18,0.63,0.75
10/2/16 22:24,0.67,0.789
10/2/16 22:30,0.71,0.829
10/2/16 22:36,0.751,0.868
10/2/16 22:42,0.792,0.908
10/2/16 22:48,0.835,0.948
10/2/16 22:54,0.877,0.988
10/2/16 23:00,0.921,1.033
10/2/16 23:06,0.964,1.079
10/2/16 23:12,1.008,1.128
10/2/16 23:18,1.052,1.173
10/2/16 23:24,1.096,1.219
10/2/16 23:30,1.14,1.262
10/2/16 23:36,1.184,1.302
10/2/16 23:42,1.228,1.343
10/2/16 23:48,1.272,1.385
10/2/16 23:54,1.314,1.431
10/3/16 0:00,1.357,1.474
10/3/16 0:06,1.399,1.514
10/3/16 0:12,1.44,1.553
10/3/16 0:18,1.48,1.586
10/3/16 0:24,1.519,1.622
10/3/16 0:30,1.557,1.657
10/3/16 0:36,1.594,1.691
10/3/16 0:42,1.63,1.722
10/3/16 0:48,1.664,1.748
10/3/16 0:54,1.697,1.775
10/3/16 1:00,1.729,1.803
10/3/16 1:06,1.759,1.828
10/3/16 1:12,1.788,1.852
10/3/16 1:18,1.815,1.874
10/3/16 1:24,1.84,1.895
10/3/16 1:30,1.864,1.915
10/3/16 1:36,1.886,1.936
10/3/16 1:42,1.906,1.954
10/3/16 1:48,1.924,1.974
10/3/16 1:54,1.941,1.99
10/3/16 2:00,1.956,2.002
10/3/16 2:06,1.968,2.012
10/3/16 2:12,1.979,2.023
10/3/16 2:18,1.988,2.035
10/3/16 2:24,1.995,2.045
10/3/16 2:30,1.999,2.048
10/3/16 2:36,2.002,2.049
10/3/16 2:42,2.002,2.048
10/3/16 2:48,2,2.045
10/3/16 2:54,1.996,2.044
10/3/16 3:00,1.989,2.037
10/3/16 3:06,1.98,2.032
10/3/16 3:12,1.968,2.024
10/3/16 3:18,1.954,2.015
10/3/16 3:24,1.938,2
10/3/16 3:30,1.919,1.985
10/3/16 3:36,1.898,1.967
10/3/16 3:42,1.874,1.946
10/3/16 3:48,1.848,1.921
10/3/16 3:54,1.82,1.896
10/3/16 4:00,1.789,1.867
10/3/16 4:06,1.757,1.835
10/3/16 4:12,1.722,1.801
10/3/16 4:18,1.685,1.765
10/3/16 4:24,1.647,1.728
10/3/16 4:30,1.607,1.689
10/3/16 4:36,1.566,1.65
10/3/16 4:42,1.523,1.614
10/3/16 4:48,1.479,1.572
10/3/16 4:54,1.434,1.53
10/3/16 5:00,1.389,1.488
10/3/16 5:06,1.342,1.447
10/3/16 5:12,1.295,1.404
10/3/16 5:18,1.248,1.361
10/3/16 5:24,1.2,1.317
10/3/16 5:30,1.152,1.268
10/3/16 5:36,1.104,1.218
10/3/16 5:42,1.057,1.169
10/3/16 5:48,1.009,1.121
10/3/16 5:54,0.962,1.074
10/3/16 6:00,0.915,1.031
10/3/16 6:06,0.869,0.986
10/3/16 6:12,0.823,0.943
10/3/16 6:18,0.778,0.898
10/3/16 6:24,0.734,0.856
10/3/16 6:30,0.69,0.816
10/3/16 6:36,0.648,0.777
10/3/16 6:42,0.607,0.74
10/3/16 6:48,0.567,0.704
10/3/16 6:54,0.528,0.667
10/3/16 7:00,0.491,0.632
10/3/16 7:06,0.455,0.598
10/3/16 7:12,0.421,0.57
10/3/16 7:18,0.389,0.539
10/3/16 7:24,0.359,0.515
10/3/16 7:30,0.331,0.489
10/3/16 7:36,0.305,0.464
10/3/16 7:42,0.281,0.445
10/3/16 7:48,0.26,0.425
10/3/16 7:54,0.241,0.411
10/3/16 8:00,0.225,0.398
10/3/16 8:06,0.212,0.388
10/3/16 8:12,0.202,0.383
10/3/16 8:18,0.195,0.381
10/3/16 8:24,0.19,0.382
10/3/16 8:30,0.189,0.386
10/3/16 8:36,0.19,0.392
10/3/16 8:42,0.194,0.402
10/3/16 8:48,0.202,0.41
10/3/16 8:54,0.212,0.425
10/3/16 9:00,0.225,0.438
10/3/16 9:06,0.24,0.457
10/3/16 9:12,0.259,0.477
10/3/16 9:18,0.279,0.494
10/3/16 9:24,0.302,0.519
10/3/16 9:30,0.328,0.538
10/3/16 9:36,0.355,0.561
10/3/16 9:42,0.384,0.588
10/3/16 9:48,0.415,0.615
10/3/16 9:54,0.448,0.645
10/3/16 10:00,0.482,0.675
10/3/16 10:06,0.517,0.706
10/3/16 10:12,0.554,0.74
10/3/16 10:18,0.592,0.772
10/3/16 10:24,0.631,0.805
10/3/16 10:30,0.67,0.84
10/3/16 10:36,0.711,0.875
10/3/16 10:42,0.752,0.91
10/3/16 10:48,0.794,0.945
10/3/16 10:54,0.836,0.977
10/3/16 11:00,0.878,1.012
10/3/16 11:06,0.921,1.055
10/3/16 11:12,0.964,1.088
10/3/16 11:18,1.008,1.128
10/3/16 11:24,1.051,1.169
10/3/16 11:30,1.095,1.209
10/3/16 11:36,1.138,1.244
10/3/16 11:42,1.182,1.279
10/3/16 11:48,1.225,1.317
10/3/16 11:54,1.268,1.353
10/3/16 12:00,1.311,1.391
10/3/16 12:06,1.353,1.428
10/3/16 12:12,1.395,1.467
10/3/16 12:18,1.437,1.504
10/3/16 12:24,1.477,1.54
10/3/16 12:30,1.517,1.577
10/3/16 12:36,1.556,1.612
10/3/16 12:42,1.595,1.648
10/3/16 12:48,1.632,1.681
10/3/16 12:54,1.668,1.716
10/3/16 13:00,1.703,1.749
10/3/16 13:06,1.737,1.782
10/3/16 13:12,1.769,1.815
10/3/16 13:18,1.8,1.842
10/3/16 13:24,1.83,1.864
10/3/16 13:30,1.859,1.89
10/3/16 13:36,1.886,1.916
10/3/16 13:42,1.911,1.937
10/3/16 13:48,1.935,1.955
10/3/16 13:54,1.957,1.973
10/3/16 14:00,1.978,1.993
10/3/16 14:06,1.997,2.008
10/3/16 14:12,2.015,2.028
10/3/16 14:18,2.031,2.045
10/3/16 14:24,2.045,2.062
10/3/16 14:30,2.057,2.076
10/3/16 14:36,2.067,2.085
10/3/16 14:42,2.076,2.097
10/3/16 14:48,2.082,2.106
10/3/16 14:54,2.087,2.117
10/3/16 15:00,2.09,2.122
10/3/16 15:06,2.09,2.126
10/3/16 15:12,2.088,2.126
10/3/16 15:18,2.085,2.12
10/3/16 15:24,2.078,2.118
10/3/16 15:30,2.07,2.116
10/3/16 15:36,2.059,2.111
10/3/16 15:42,2.046,2.104
10/3/16 15:48,2.031,2.093
10/3/16 15:54,2.013,2.085
10/3/16 16:00,1.993,2.068
10/3/16 16:06,1.97,2.052
10/3/16 16:12,1.946,2.031
10/3/16 16:18,1.919,2.01
10/3/16 16:24,1.889,1.988
10/3/16 16:30,1.858,1.963
10/3/16 16:36,1.825,1.938
10/3/16 16:42,1.789,1.91
10/3/16 16:48,1.752,1.881
10/3/16 16:54,1.714,1.845
10/3/16 17:00,1.673,1.813
10/3/16 17:06,1.632,1.778
10/3/16 17:12,1.589,1.74
10/3/16 17:18,1.545,1.702
10/3/16 17:24,1.5,1.659
10/3/16 17:30,1.454,1.613
10/3/16 17:36,1.408,1.574
10/3/16 17:42,1.361,1.54
10/3/16 17:48,1.314,1.494
10/3/16 17:54,1.267,1.455
10/3/16 18:00,1.219,1.41
10/3/16 18:06,1.171,1.363
10/3/16 18:12,1.124,1.308
10/3/16 18:18,1.077,1.263
10/3/16 18:24,1.03,1.219
10/3/16 18:30,0.983,1.171
10/3/16 18:36,0.937,1.132
10/3/16 18:42,0.892,1.093
10/3/16 18:48,0.847,1.047
10/3/16 18:54,0.803,1.005
10/3/16 19:00,0.759,0.966
10/3/16 19:06,0.717,0.924
10/3/16 19:12,0.676,0.886
10/3/16 19:18,0.636,0.852
10/3/16 19:24,0.597,0.815
10/3/16 19:30,0.56,0.784
10/3/16 19:36,0.524,0.756
10/3/16 19:42,0.49,0.723
10/3/16 19:48,0.457,0.699
10/3/16 19:54,0.427,0.672
10/3/16 20:00,0.399,0.645
10/3/16 20:06,0.372,0.62
10/3/16 20:12,0.348,0.601
10/3/16 20:18,0.327,0.581
10/3/16 20:24,0.308,0.565
10/3/16 20:30,0.292,0.548
10/3/16 20:36,0.278,0.535
10/3/16 20:42,0.267,0.52
10/3/16 20:48,0.259,0.506
10/3/16 20:54,0.254,0.497
10/3/16 21:00,0.252,0.491
10/3/16 21:06,0.252,0.481
10/3/16 21:12,0.255,0.478
10/3/16 21:18,0.261,0.472
10/3/16 21:24,0.27,0.474
10/3/16 21:30,0.282,0.48
10/3/16 21:36,0.296,0.49
10/3/16 21:42,0.312,0.503
10/3/16 21:48,0.331,0.515
10/3/16 21:54,0.352,0.531
10/3/16 22:00,0.375,0.551
10/3/16 22:06,0.4,0.57
10/3/16 22:12,0.427,0.591
10/3/16 22:18,0.455,0.62
10/3/16 22:24,0.485,0.652
10/3/16 22:30,0.517,0.69
10/3/16 22:36,0.549,0.729
10/3/16 22:42,0.583,0.769
10/3/16 22:48,0.618,0.811
10/3/16 22:54,0.654,0.852
10/3/16 23:00,0.69,0.889
10/3/16 23:06,0.728,0.925
10/3/16 23:12,0.766,0.96
10/3/16 23:18,0.804,1.008
10/3/16 23:24,0.843,1.047
10/3/16 23:30,0.883,1.094
10/3/16 23:36,0.923,1.143
10/3/16 23:42,0.963,1.191
10/3/16 23:48,1.004,1.236
10/3/16 23:54,1.044,1.28
10/4/16 0:00,1.085,1.323
10/4/16 0:06,1.125,1.367
10/4/16 0:12,1.166,1.409
10/4/16 0:18,1.207,1.443
10/4/16 0:24,1.247,1.479
10/4/16 0:30,1.287,1.514
10/4/16 0:36,1.326,1.553
10/4/16 0:42,1.365,1.59
10/4/16 0:48,1.404,1.629
10/4/16 0:54,1.441,1.658
10/4/16 1:00,1.478,1.692
10/4/16 1:06,1.514,1.72
10/4/16 1:12,1.549,1.743
10/4/16 1:18,1.583,1.764
10/4/16 1:24,1.616,1.796
10/4/16 1:30,1.648,1.817
10/4/16 1:36,1.678,1.839
10/4/16 1:42,1.707,1.861
10/4/16 1:48,1.735,1.888
10/4/16 1:54,1.761,1.914
10/4/16 2:00,1.785,1.934
10/4/16 2:06,1.808,1.949
10/4/16 2:12,1.829,1.961
10/4/16 2:18,1.849,1.978
10/4/16 2:24,1.867,1.995
10/4/16 2:30,1.883,2.014
10/4/16 2:36,1.897,2.029
10/4/16 2:42,1.909,2.039
10/4/16 2:48,1.92,2.045
10/4/16 2:54,1.929,2.055
10/4/16 3:00,1.935,2.063
10/4/16 3:06,1.94,2.069
10/4/16 3:12,1.943,2.075
10/4/16 3:18,1.943,2.078
10/4/16 3:24,1.942,2.078
10/4/16 3:30,1.938,2.082
10/4/16 3:36,1.932,2.081
10/4/16 3:42,1.924,2.076
10/4/16 3:48,1.914,2.071
10/4/16 3:54,1.901,2.064
10/4/16 4:00,1.886,2.053
10/4/16 4:06,1.868,2.045
10/4/16 4:12,1.848,2.034
10/4/16 4:18,1.826,2.014
10/4/16 4:24,1.802,2
10/4/16 4:30,1.775,1.982
10/4/16 4:36,1.746,1.961
10/4/16 4:42,1.715,1.936
10/4/16 4:48,1.682,1.909
10/4/16 4:54,1.647,1.879
10/4/16 5:00,1.61,1.846
10/4/16 5:06,1.571,1.809
10/4/16 5:12,1.531,1.768
10/4/16 5:18,1.49,1.724
10/4/16 5:24,1.447,1.678
10/4/16 5:30,1.403,1.637
10/4/16 5:36,1.358,1.592
10/4/16 5:42,1.313,1.552
10/4/16 5:48,1.267,1.515
10/4/16 5:54,1.221,1.472
10/4/16 6:00,1.174,1.428
10/4/16 6:06,1.128,1.385
10/4/16 6:12,1.081,1.339
10/4/16 6:18,1.035,1.296
10/4/16 6:24,0.989,1.252
10/4/16 6:30,0.944,1.212
10/4/16 6:36,0.899,1.178
10/4/16 6:42,0.855,1.14
10/4/16 6:48,0.812,1.099
10/4/16 6:54,0.769,1.059
10/4/16 7:00,0.728,1.021
10/4/16 7:06,0.687,0.984
10/4/16 7:12,0.648,0.944
10/4/16 7:18,0.61,0.906
10/4/16 7:24,0.574,0.873
10/4/16 7:30,0.538,0.837
10/4/16 7:36,0.505,0.805
10/4/16 7:42,0.473,0.775
10/4/16 7:48,0.442,0.745
10/4/16 7:54,0.413,0.717
10/4/16 8:00,0.386,0.695
10/4/16 8:06,0.362,0.672
10/4/16 8:12,0.339,0.652
10/4/16 8:18,0.318,0.632
10/4/16 8:24,0.299,0.614
10/4/16 8:30,0.283,0.601
10/4/16 8:36,0.269,0.592
10/4/16 8:42,0.258,0.585
10/4/16 8:48,0.25,0.584
10/4/16 8:54,0.244,0.587
10/4/16 9:00,0.24,0.592
10/4/16 9:06,0.24,0.596
10/4/16 9:12,0.242,0.601
10/4/16 9:18,0.247,0.612
10/4/16 9:24,0.254,0.621
10/4/16 9:30,0.265,0.633
10/4/16 9:36,0.278,0.651
10/4/16 9:42,0.293,0.669
10/4/16 9:48,0.311,0.688
10/4/16 9:54,0.331,0.707
10/4/16 10:00,0.354,0.722
10/4/16 10:06,0.379,0.739
10/4/16 10:12,0.405,0.755
10/4/16 10:18,0.434,0.78
10/4/16 10:24,0.464,0.801
10/4/16 10:30,0.496,0.828
10/4/16 10:36,0.529,0.854
10/4/16 10:42,0.564,0.881
10/4/16 10:48,0.599,0.904
10/4/16 10:54,0.636,0.928
10/4/16 11:00,0.673,0.956
10/4/16 11:06,0.712,0.984
10/4/16 11:12,0.75,1.017
10/4/16 11:18,0.79,1.054
10/4/16 11:24,0.83,1.085
10/4/16 11:30,0.87,1.123
10/4/16 11:36,0.91,1.161
10/4/16 11:42,0.95,1.201
10/4/16 11:48,0.991,1.239
10/4/16 11:54,1.032,1.276
10/4/16 12:00,1.073,1.311
10/4/16 12:06,1.113,1.345
10/4/16 12:12,1.154,1.382
10/4/16 12:18,1.194,1.416
10/4/16 12:24,1.235,1.456
10/4/16 12:30,1.275,1.494
10/4/16 12:36,1.314,1.528
10/4/16 12:42,1.354,1.566
10/4/16 12:48,1.393,1.6
10/4/16 12:54,1.431,1.633
10/4/16 13:00,1.469,1.666
10/4/16 13:06,1.507,1.704
10/4/16 13:12,1.543,1.736
10/4/16 13:18,1.579,1.767
10/4/16 13:24,1.614,1.797
10/4/16 13:30,1.648,1.825
10/4/16 13:36,1.682,1.854
10/4/16 13:42,1.714,1.886
10/4/16 13:48,1.745,1.914
10/4/16 13:54,1.774,1.938
10/4/16 14:00,1.803,1.966
10/4/16 14:06,1.83,1.988
10/4/16 14:12,1.856,2.009
10/4/16 14:18,1.88,2.026
10/4/16 14:24,1.903,2.044
10/4/16 14:30,1.925,2.066
10/4/16 14:36,1.945,2.085
10/4/16 14:42,1.963,2.107
10/4/16 14:48,1.98,2.122
10/4/16 14:54,1.995,2.136
10/4/16 15:00,2.009,2.149
10/4/16 15:06,2.021,2.164
10/4/16 15:12,2.031,2.179
10/4/16 15:18,2.04,2.195
10/4/16 15:24,2.046,2.205
10/4/16 15:30,2.051,2.213
10/4/16 15:36,2.054,2.22
10/4/16 15:42,2.055,2.224
10/4/16 15:48,2.054,2.227
10/4/16 15:54,2.051,2.23
10/4/16 16:00,2.046,2.234
10/4/16 16:06,2.038,2.231
10/4/16 16:12,2.029,2.227
10/4/16 16:18,2.017,2.224
10/4/16 16:24,2.003,2.219
10/4/16 16:30,1.987,2.209
10/4/16 16:36,1.969,2.193
10/4/16 16:42,1.948,2.178
10/4/16 16:48,1.925,2.16
10/4/16 16:54,1.9,2.141
10/4/16 17:00,1.872,2.12
10/4/16 17:06,1.843,2.099
10/4/16 17:12,1.811,2.076
10/4/16 17:18,1.778,2.052
10/4/16 17:24,1.743,2.027
10/4/16 17:30,1.706,1.998
10/4/16 17:36,1.667,1.966
10/4/16 17:42,1.627,1.932
10/4/16 17:48,1.586,1.898
10/4/16 17:54,1.544,1.865
10/4/16 18:00,1.5,1.833
10/4/16 18:06,1.456,1.802
10/4/16 18:12,1.411,1.772
10/4/16 18:18,1.366,1.747
10/4/16 18:24,1.321,1.721
10/4/16 18:30,1.275,1.686
10/4/16 18:36,1.229,1.655
10/4/16 18:42,1.183,1.613
10/4/16 18:48,1.138,1.572
10/4/16 18:54,1.092,1.533
10/4/16 19:00,1.048,1.499
10/4/16 19:06,1.003,1.461
10/4/16 19:12,0.96,1.426
10/4/16 19:18,0.917,1.387
10/4/16 19:24,0.875,1.351
10/4/16 19:30,0.834,1.316
10/4/16 19:36,0.793,1.285
10/4/16 19:42,0.754,1.251
10/4/16 19:48,0.716,1.217
10/4/16 19:54,0.679,1.181
10/4/16 20:00,0.644,1.15
10/4/16 20:06,0.609,1.124
10/4/16 20:12,0.576,1.1
10/4/16 20:18,0.545,1.073
10/4/16 20:24,0.515,1.042
10/4/16 20:30,0.487,1.019
10/4/16 20:36,0.461,0.989
10/4/16 20:42,0.437,0.959
10/4/16 20:48,0.415,0.937
10/4/16 20:54,0.394,0.922
10/4/16 21:00,0.377,0.909
10/4/16 21:06,0.361,0.897
10/4/16 21:12,0.348,0.881
10/4/16 21:18,0.337,0.869
10/4/16 21:24,0.328,0.86
10/4/16 21:30,0.323,0.848
10/4/16 21:36,0.32,0.841
10/4/16 21:42,0.319,0.835
10/4/16 21:48,0.321,0.835
10/4/16 21:54,0.326,0.84
10/4/16 22:00,0.333,0.834
10/4/16 22:06,0.342,0.834
10/4/16 22:12,0.354,0.842
10/4/16 22:18,0.369,0.848
10/4/16 22:24,0.385,0.862
10/4/16 22:30,0.404,0.868
10/4/16 22:36,0.424,0.879
10/4/16 22:42,0.447,0.889
10/4/16 22:48,0.471,0.909
10/4/16 22:54,0.497,0.93
10/4/16 23:00,0.525,0.955
10/4/16 23:06,0.553,0.981
10/4/16 23:12,0.583,1.009
10/4/16 23:18,0.614,1.033
10/4/16 23:24,0.646,1.056
10/4/16 23:30,0.679,1.082
10/4/16 23:36,0.713,1.118
10/4/16 23:42,0.747,1.147
10/4/16 23:48,0.782,1.187
10/4/16 23:54,0.817,1.223
10/5/16 0:00,0.853,1.256
10/5/16 0:06,0.889,1.295
10/5/16 0:12,0.925,1.336
10/5/16 0:18,0.962,1.378
10/5/16 0:24,0.999,1.429
10/5/16 0:30,1.036,1.47
10/5/16 0:36,1.073,1.51
10/5/16 0:42,1.11,1.547
10/5/16 0:48,1.147,1.579
10/5/16 0:54,1.184,1.606
10/5/16 1:00,1.221,1.644
10/5/16 1:06,1.257,1.674
10/5/16 1:12,1.294,1.701
10/5/16 1:18,1.33,1.732
10/5/16 1:24,1.365,1.766
10/5/16 1:30,1.4,1.805
10/5/16 1:36,1.435,1.837
10/5/16 1:42,1.468,1.864
10/5/16 1:48,1.501,1.886
10/5/16 1:54,1.534,1.912
10/5/16 2:00,1.565,1.935
10/5/16 2:06,1.595,1.969
10/5/16 2:12,1.624,1.994
10/5/16 2:18,1.652,2.013
10/5/16 2:24,1.678,2.034
10/5/16 2:30,1.703,2.052
10/5/16 2:36,1.727,2.074
10/5/16 2:42,1.75,2.085
10/5/16 2:48,1.77,2.108
10/5/16 2:54,1.79,2.133
10/5/16 3:00,1.807,2.154
10/5/16 3:06,1.823,2.167
10/5/16 3:12,1.837,2.172
10/5/16 3:18,1.85,2.183
10/5/16 3:24,1.86,2.195
10/5/16 3:30,1.869,2.2
10/5/16 3:36,1.876,2.213
10/5/16 3:42,1.881,2.226
10/5/16 3:48,1.884,2.228
10/5/16 3:54,1.886,2.241
10/5/16 4:00,1.885,2.248
10/5/16 4:06,1.882,2.252
10/5/16 4:12,1.877,2.253
10/5/16 4:18,1.87,2.248
10/5/16 4:24,1.86,2.246
10/5/16 4:30,1.849,2.237
10/5/16 4:36,1.835,2.24
10/5/16 4:42,1.819,2.217
10/5/16 4:48,1.801,2.207
10/5/16 4:54,1.781,2.191
10/5/16 5:00,1.758,2.177
10/5/16 5:06,1.733,2.163
10/5/16 5:12,1.706,2.143
10/5/16 5:18,1.677,2.123
10/5/16 5:24,1.646,2.098
10/5/16 5:30,1.613,2.074
10/5/16 5:36,1.578,2.048
10/5/16 5:42,1.541,2.021
10/5/16 5:48,1.503,1.992
10/5/16 5:54,1.464,1.966
10/5/16 6:00,1.423,1.936
10/5/16 6:06,1.381,1.909
10/5/16 6:12,1.338,1.883
10/5/16 6:18,1.294,1.855
10/5/16 6:24,1.249,1.825
10/5/16 6:30,1.205,1.791
10/5/16 6:36,1.16,1.757
10/5/16 6:42,1.114,1.722
10/5/16 6:48,1.07,1.69
10/5/16 6:54,1.025,1.666
10/5/16 7:00,0.981,1.631
10/5/16 7:06,0.937,1.596
10/5/16 7:12,0.894,1.564
10/5/16 7:18,0.852,1.535
10/5/16 7:24,0.811,1.501
10/5/16 7:30,0.771,1.474
10/5/16 7:36,0.732,1.448
10/5/16 7:42,0.694,1.415
10/5/16 7:48,0.658,1.383
10/5/16 7:54,0.623,1.354
10/5/16 8:00,0.589,1.327
10/5/16 8:06,0.557,1.3
10/5/16 8:12,0.527,1.268
10/5/16 8:18,0.498,1.242
10/5/16 8:24,0.471,1.212
10/5/16 8:30,0.445,1.18
10/5/16 8:36,0.421,1.154
10/5/16 8:42,0.399,1.128
10/5/16 8:48,0.379,1.105
10/5/16 8:54,0.361,1.084
10/5/16 9:00,0.345,1.061
10/5/16 9:06,0.331,1.044
10/5/16 9:12,0.319,1.025
10/5/16 9:18,0.31,1.009
10/5/16 9:24,0.303,1.002
10/5/16 9:30,0.298,0.988
10/5/16 9:36,0.295,0.974
10/5/16 9:42,0.295,0.959
10/5/16 9:48,0.297,0.947
10/5/16 9:54,0.302,0.937
10/5/16 10:00,0.31,0.933
10/5/16 10:06,0.319,0.926
10/5/16 10:12,0.331,0.93
10/5/16 10:18,0.346,0.929
10/5/16 10:24,0.363,0.93
10/5/16 10:30,0.382,0.938
10/5/16 10:36,0.403,0.944
10/5/16 10:42,0.426,0.955
10/5/16 10:48,0.452,0.961
10/5/16 10:54,0.479,0.975
10/5/16 11:00,0.507,0.988
10/5/16 11:06,0.537,1.009
10/5/16 11:12,0.569,1.025
10/5/16 11:18,0.601,1.05
10/5/16 11:24,0.635,1.069
10/5/16 11:30,0.67,1.093
10/5/16 11:36,0.706,1.114
10/5/16 11:42,0.742,1.14
10/5/16 11:48,0.778,1.171
10/5/16 11:54,0.816,1.197
10/5/16 12:00,0.853,1.228
10/5/16 12:06,0.891,1.265
10/5/16 12:12,0.929,1.292
10/5/16 12:18,0.967,1.331
10/5/16 12:24,1.005,1.363
10/5/16 12:30,1.043,1.397
10/5/16 12:36,1.081,1.432
10/5/16 12:42,1.119,1.469
10/5/16 12:48,1.157,1.506
10/5/16 12:54,1.195,1.542
10/5/16 13:00,1.232,1.576
10/5/16 13:06,1.269,1.604
10/5/16 13:12,1.306,1.634
10/5/16 13:18,1.343,1.666
10/5/16 13:24,1.379,1.7
10/5/16 13:30,1.415,1.725
10/5/16 13:36,1.45,1.758
10/5/16 13:42,1.485,1.785
10/5/16 13:48,1.519,1.813
10/5/16 13:54,1.553,1.841
10/5/16 14:00,1.586,1.872
10/5/16 14:06,1.618,1.902
10/5/16 14:12,1.65,1.928
10/5/16 14:18,1.68,1.957
10/5/16 14:24,1.71,1.976
10/5/16 14:30,1.738,1.997
10/5/16 14:36,1.766,2.023
10/5/16 14:42,1.792,2.04
10/5/16 14:48,1.817,2.061
10/5/16 14:54,1.841,2.085
10/5/16 15:00,1.864,2.109
10/5/16 15:06,1.885,2.14
10/5/16 15:12,1.904,2.164
10/5/16 15:18,1.922,2.187
10/5/16 15:24,1.939,2.208
10/5/16 15:30,1.954,2.228
10/5/16 15:36,1.968,2.243
10/5/16 15:42,1.98,2.263
10/5/16 15:48,1.99,2.287
10/5/16 15:54,1.999,2.307
10/5/16 16:00,2.006,2.323
10/5/16 16:06,2.011,2.331
10/5/16 16:12,2.014,2.343
10/5/16 16:18,2.016,2.352
10/5/16 16:24,2.016,2.362
10/5/16 16:30,2.014,2.372
10/5/16 16:36,2.01,2.377
10/5/16 16:42,2.003,2.382
10/5/16 16:48,1.995,2.378
10/5/16 16:54,1.985,2.378
10/5/16 17:00,1.973,2.38
10/5/16 17:06,1.959,2.378
10/5/16 17:12,1.942,2.376
10/5/16 17:18,1.924,2.364
10/5/16 17:24,1.903,2.353
10/5/16 17:30,1.88,2.339
10/5/16 17:36,1.855,2.319
10/5/16 17:42,1.828,2.302
10/5/16 17:48,1.799,2.279
10/5/16 17:54,1.768,2.261
10/5/16 18:00,1.735,2.24
10/5/16 18:06,1.701,2.218
10/5/16 18:12,1.665,2.191
10/5/16 18:18,1.627,2.163
10/5/16 18:24,1.588,2.132
10/5/16 18:30,1.548,2.102
10/5/16 18:36,1.507,2.071
10/5/16 18:42,1.465,2.042
10/5/16 18:48,1.423,2.01
10/5/16 18:54,1.379,1.976
10/5/16 19:00,1.336,1.942
10/5/16 19:06,1.292,1.909
10/5/16 19:12,1.248,1.877
10/5/16 19:18,1.204,1.845
10/5/16 19:24,1.161,1.81
10/5/16 19:30,1.118,1.779
10/5/16 19:36,1.075,1.746
10/5/16 19:42,1.033,1.716
10/5/16 19:48,0.992,1.681
10/5/16 19:54,0.951,1.649
10/5/16 20:00,0.912,1.611
10/5/16 20:06,0.873,1.574
10/5/16 20:12,0.835,1.541
10/5/16 20:18,0.799,1.506
10/5/16 20:24,0.763,1.471
10/5/16 20:30,0.729,1.439
10/5/16 20:36,0.696,1.4
10/5/16 20:42,0.665,1.364
10/5/16 20:48,0.634,1.33
10/5/16 20:54,0.606,1.299
10/5/16 21:00,0.578,1.262
10/5/16 21:06,0.552,1.229
10/5/16 21:12,0.528,1.201
10/5/16 21:18,0.505,1.173
10/5/16 21:24,0.485,1.144
10/5/16 21:30,0.466,1.124
10/5/16 21:36,0.448,1.099
10/5/16 21:42,0.433,1.076
10/5/16 21:48,0.42,1.054
10/5/16 21:54,0.409,1.035
10/5/16 22:00,0.4,1.016
10/5/16 22:06,0.393,0.996
10/5/16 22:12,0.389,0.986
10/5/16 22:18,0.387,0.981
10/5/16 22:24,0.387,0.972
10/5/16 22:30,0.389,0.962
10/5/16 22:36,0.394,0.955
10/5/16 22:42,0.401,0.948
10/5/16 22:48,0.41,0.948
10/5/16 22:54,0.422,0.951
10/5/16 23:00,0.435,0.953
10/5/16 23:06,0.451,0.964
10/5/16 23:12,0.468,0.967
10/5/16 23:18,0.487,0.981
10/5/16 23:24,0.509,0.992
10/5/16 23:30,0.531,1.014
10/5/16 23:36,0.555,1.029
10/5/16 23:42,0.581,1.054
10/5/16 23:48,0.608,1.075
10/5/16 23:54,0.635,1.105
10/6/16 0:00,0.664,1.128
10/6/16 0:06,0.694,1.154
10/6/16 0:12,0.724,1.187
10/6/16 0:18,0.755,1.22
10/6/16 0:24,0.787,1.249
10/6/16 0:30,0.819,1.281
10/6/16 0:36,0.852,1.315
10/6/16 0:42,0.884,1.35
10/6/16 0:48,0.918,1.379
10/6/16 0:54,0.951,1.413
10/6/16 1:00,0.985,1.443
10/6/16 1:06,1.018,1.478
10/6/16 1:12,1.052,1.511
10/6/16 1:18,1.086,1.543
10/6/16 1:24,1.12,1.578
10/6/16 1:30,1.154,1.612
10/6/16 1:36,1.188,1.64
10/6/16 1:42,1.221,1.671
10/6/16 1:48,1.255,1.701
10/6/16 1:54,1.288,1.725
10/6/16 2:00,1.321,1.753
10/6/16 2:06,1.354,1.781
10/6/16 2:12,1.387,1.809
10/6/16 2:18,1.418,1.836
10/6/16 2:24,1.45,1.857
10/6/16 2:30,1.48,1.88
10/6/16 2:36,1.51,1.908
10/6/16 2:42,1.539,1.931
10/6/16 2:48,1.567,1.946
10/6/16 2:54,1.594,1.973
10/6/16 3:00,1.62,1.998
10/6/16 3:06,1.645,2.021
10/6/16 3:12,1.669,2.04
10/6/16 3:18,1.691,2.066
10/6/16 3:24,1.712,2.075
10/6/16 3:30,1.731,2.097
10/6/16 3:36,1.749,2.116
10/6/16 3:42,1.765,2.132
10/6/16 3:48,1.78,2.148
10/6/16 3:54,1.793,2.156
10/6/16 4:00,1.804,2.162
10/6/16 4:06,1.814,2.173
10/6/16 4:12,1.821,2.192
10/6/16 4:18,1.827,2.207
10/6/16 4:24,1.831,2.222
10/6/16 4:30,1.833,2.228
10/6/16 4:36,1.834,2.237
10/6/16 4:42,1.832,2.24
10/6/16 4:48,1.828,2.248
10/6/16 4:54,1.823,2.253
10/6/16 5:00,1.815,2.247
10/6/16 5:06,1.805,2.247
10/6/16 5:12,1.793,2.24
10/6/16 5:18,1.779,2.235
10/6/16 5:24,1.763,2.225
10/6/16 5:30,1.745,2.215
10/6/16 5:36,1.725,2.202
10/6/16 5:42,1.703,2.184
10/6/16 5:48,1.678,2.173
10/6/16 5:54,1.652,2.148
10/6/16 6:00,1.623,2.128
10/6/16 6:06,1.593,2.102
10/6/16 6:12,1.561,2.08
10/6/16 6:18,1.527,2.06
10/6/16 6:24,1.491,2.034
10/6/16 6:30,1.454,2.009
10/6/16 6:36,1.416,1.984
10/6/16 6:42,1.376,1.96
10/6/16 6:48,1.335,1.933
10/6/16 6:54,1.294,1.908
10/6/16 7:00,1.252,1.882
10/6/16 7:06,1.209,1.852
10/6/16 7:12,1.166,1.826
10/6/16 7:18,1.123,1.8
10/6/16 7:24,1.079,1.772
10/6/16 7:30,1.037,1.739
10/6/16 7:36,0.994,1.717
10/6/16 7:42,0.952,1.693
10/6/16 7:48,0.911,1.665
10/6/16 7:54,0.87,1.637
10/6/16 8:00,0.831,1.613
10/6/16 8:06,0.793,1.583
10/6/16 8:12,0.755,1.553
10/6/16 8:18,0.72,1.528
10/6/16 8:24,0.685,1.506
10/6/16 8:30,0.652,1.477
10/6/16 8:36,0.62,1.448
10/6/16 8:42,0.59,1.423
10/6/16 8:48,0.562,1.396
10/6/16 8:54,0.535,1.365
10/6/16 9:00,0.51,1.341
10/6/16 9:06,0.486,1.322
10/6/16 9:12,0.465,1.305
10/6/16 9:18,0.445,1.282
10/6/16 9:24,0.426,1.265
10/6/16 9:30,0.41,1.241
10/6/16 9:36,0.395,1.226
10/6/16 9:42,0.382,1.207
10/6/16 9:48,0.371,1.194
10/6/16 9:54,0.363,1.182
10/6/16 10:00,0.356,1.173
10/6/16 10:06,0.351,1.169
10/6/16 10:12,0.348,1.154
10/6/16 10:18,0.347,1.148
10/6/16 10:24,0.349,1.148
10/6/16 10:30,0.352,1.142
10/6/16 10:36,0.358,1.134
10/6/16 10:42,0.366,1.135
10/6/16 10:48,0.377,1.131
10/6/16 10:54,0.389,1.125
10/6/16 11:00,0.403,1.13
10/6/16 11:06,0.42,1.136
10/6/16 11:12,0.439,1.136
10/6/16 11:18,0.459,1.147
10/6/16 11:24,0.482,1.149
10/6/16 11:30,0.506,1.157
10/6/16 11:36,0.532,1.168
10/6/16 11:42,0.559,1.182
10/6/16 11:48,0.588,1.197
10/6/16 11:54,0.618,1.21
10/6/16 12:00,0.649,1.229
10/6/16 12:06,0.681,1.248
10/6/16 12:12,0.714,1.266
10/6/16 12:18,0.748,1.285
10/6/16 12:24,0.783,1.309
10/6/16 12:30,0.818,1.337
10/6/16 12:36,0.853,1.357
10/6/16 12:42,0.889,1.379
10/6/16 12:48,0.924,1.409
10/6/16 12:54,0.96,1.437
10/6/16 13:00,0.996,1.462
10/6/16 13:06,1.032,1.5
10/6/16 13:12,1.068,1.536
10/6/16 13:18,1.104,1.563
10/6/16 13:24,1.139,1.592
10/6/16 13:30,1.175,1.624
10/6/16 13:36,1.21,1.654
10/6/16 13:42,1.245,1.687
10/6/16 13:48,1.28,1.715
10/6/16 13:54,1.314,1.746
10/6/16 14:00,1.349,1.775
10/6/16 14:06,1.382,1.802
10/6/16 14:12,1.416,1.832
10/6/16 14:18,1.449,1.86
10/6/16 14:24,1.482,1.884
10/6/16 14:30,1.514,1.908
10/6/16 14:36,1.545,1.935
10/6/16 14:42,1.576,1.962
10/6/16 14:48,1.607,1.988
10/6/16 14:54,1.636,2.013
10/6/16 15:00,1.665,2.042
10/6/16 15:06,1.693,2.061
10/6/16 15:12,1.72,2.081
10/6/16 15:18,1.746,2.105
10/6/16 15:24,1.771,2.134
10/6/16 15:30,1.795,2.161
10/6/16 15:36,1.818,2.183
10/6/16 15:42,1.839,2.206
10/6/16 15:48,1.859,2.228
10/6/16 15:54,1.877,2.252
10/6/16 16:00,1.895,2.272
10/6/16 16:06,1.91,2.294
10/6/16 16:12,1.925,2.312
10/6/16 16:18,1.937,2.328
10/6/16 16:24,1.948,2.339
10/6/16 16:30,1.958,2.357
10/6/16 16:36,1.966,2.373
10/6/16 16:42,1.972,2.389
10/6/16 16:48,1.976,2.403
10/6/16 16:54,1.979,2.411
10/6/16 17:00,1.98,2.418
10/6/16 17:06,1.98,2.428
10/6/16 17:12,1.977,2.437
10/6/16 17:18,1.973,2.44
10/6/16 17:24,1.966,2.446
10/6/16 17:30,1.958,2.451
10/6/16 17:36,1.948,2.453
10/6/16 17:42,1.936,2.452
10/6/16 17:48,1.922,2.445
10/6/16 17:54,1.906,2.443
10/6/16 18:00,1.888,2.44
10/6/16 18:06,1.868,2.433
10/6/16 18:12,1.847,2.429
10/6/16 18:18,1.823,2.419
10/6/16 18:24,1.797,2.408
10/6/16 18:30,1.769,2.393
10/6/16 18:36,1.74,2.379
10/6/16 18:42,1.709,2.358
10/6/16 18:48,1.676,2.343
10/6/16 18:54,1.641,2.326
10/6/16 19:00,1.606,2.3
10/6/16 19:06,1.569,2.277
10/6/16 19:12,1.53,2.252
10/6/16 19:18,1.491,2.227
10/6/16 19:24,1.451,2.206
10/6/16 19:30,1.411,2.176
10/6/16 19:36,1.369,2.156
10/6/16 19:42,1.328,2.129
10/6/16 19:48,1.286,2.102
10/6/16 19:54,1.245,2.075
10/6/16 20:00,1.203,2.048
10/6/16 20:06,1.162,2.025
10/6/16 20:12,1.121,1.991
10/6/16 20:18,1.081,1.968
10/6/16 20:24,1.041,1.937
10/6/16 20:30,1.003,1.913
10/6/16 20:36,0.965,1.888
10/6/16 20:42,0.928,1.856
10/6/16 20:48,0.892,1.832
10/6/16 20:54,0.857,1.8
10/6/16 21:00,0.823,1.77
10/6/16 21:06,0.79,1.745
10/6/16 21:12,0.759,1.716
10/6/16 21:18,0.729,1.689
10/6/16 21:24,0.7,1.67
10/6/16 21:30,0.673,1.637
10/6/16 21:36,0.646,1.61
10/6/16 21:42,0.621,1.577
10/6/16 21:48,0.598,1.552
10/6/16 21:54,0.576,1.525
10/6/16 22:00,0.555,1.508
10/6/16 22:06,0.536,1.483
10/6/16 22:12,0.519,1.455
10/6/16 22:18,0.503,1.427
10/6/16 22:24,0.489,1.399
10/6/16 22:30,0.477,1.375
10/6/16 22:36,0.466,1.354
10/6/16 22:42,0.458,1.334
10/6/16 22:48,0.451,1.318
10/6/16 22:54,0.446,1.3
10/6/16 23:00,0.444,1.277
10/6/16 23:06,0.443,1.255
10/6/16 23:12,0.444,1.242
10/6/16 23:18,0.448,1.228
10/6/16 23:24,0.453,1.22
10/6/16 23:30,0.461,1.212
10/6/16 23:36,0.47,1.214
10/6/16 23:42,0.482,1.21
10/6/16 23:48,0.496,1.206
10/6/16 23:54,0.511,1.203
10/7/16 0:00,0.528,1.202
10/7/16 0:06,0.547,1.206
10/7/16 0:12,0.567,1.214
10/7/16 0:18,0.589,1.226
10/7/16 0:24,0.612,1.233
10/7/16 0:30,0.636,1.245
10/7/16 0:36,0.661,1.255
10/7/16 0:42,0.688,1.27
10/7/16 0:48,0.715,1.287
10/7/16 0:54,0.743,1.305
10/7/16 1:00,0.772,1.318
10/7/16 1:06,0.801,1.332
10/7/16 1:12,0.831,1.357
10/7/16 1:18,0.861,1.377
10/7/16 1:24,0.892,1.407
10/7/16 1:30,0.923,1.43
10/7/16 1:36,0.954,1.46
10/7/16 1:42,0.985,1.482
10/7/16 1:48,1.017,1.503
10/7/16 1:54,1.048,1.538
10/7/16 2:00,1.08,1.566
10/7/16 2:06,1.112,1.603
10/7/16 2:12,1.144,1.642
10/7/16 2:18,1.175,1.672
10/7/16 2:24,1.207,1.702
10/7/16 2:30,1.239,1.732
10/7/16 2:36,1.27,1.769
10/7/16 2:42,1.301,1.801
10/7/16 2:48,1.332,1.83
10/7/16 2:54,1.363,1.858
10/7/16 3:00,1.393,1.884
10/7/16 3:06,1.423,1.901
10/7/16 3:12,1.452,1.927
10/7/16 3:18,1.481,1.957
10/7/16 3:24,1.509,1.973
10/7/16 3:30,1.536,1.991
10/7/16 3:36,1.562,2.013
10/7/16 3:42,1.587,2.037
10/7/16 3:48,1.611,2.06
10/7/16 3:54,1.634,2.083
10/7/16 4:00,1.655,2.103
10/7/16 4:06,1.675,2.121
10/7/16 4:12,1.694,2.141
10/7/16 4:18,1.711,2.155
10/7/16 4:24,1.727,2.169
10/7/16 4:30,1.741,2.185
10/7/16 4:36,1.754,2.207
10/7/16 4:42,1.765,2.226
10/7/16 4:48,1.774,2.241
10/7/16 4:54,1.781,2.264
10/7/16 5:00,1.787,2.277
10/7/16 5:06,1.791,2.3
10/7/16 5:12,1.793,2.306
10/7/16 5:18,1.793,2.306
10/7/16 5:24,1.791,2.316
10/7/16 5:30,1.788,2.327
10/7/16 5:36,1.782,2.329
10/7/16 5:42,1.775,2.334
10/7/16 5:48,1.765,2.338
10/7/16 5:54,1.754,2.342
10/7/16 6:00,1.741,2.342
10/7/16 6:06,1.726,2.35
10/7/16 6:12,1.708,2.344
10/7/16 6:18,1.689,2.341
10/7/16 6:24,1.668,2.331
10/7/16 6:30,1.645,2.315
10/7/16 6:36,1.62,2.303
10/7/16 6:42,1.593,2.297
10/7/16 6:48,1.564,2.284
10/7/16 6:54,1.534,2.28
10/7/16 7:00,1.502,2.261
10/7/16 7:06,1.468,2.244
10/7/16 7:12,1.433,2.223
10/7/16 7:18,1.397,2.195
10/7/16 7:24,1.359,2.173
10/7/16 7:30,1.321,2.144
10/7/16 7:36,1.281,2.114
10/7/16 7:42,1.241,2.084
10/7/16 7:48,1.201,2.06
10/7/16 7:54,1.16,2.034
10/7/16 8:00,1.119,2.012
10/7/16 8:06,1.078,1.986
10/7/16 8:12,1.037,1.966
10/7/16 8:18,0.996,1.944
10/7/16 8:24,0.956,1.911
10/7/16 8:30,0.917,1.878
10/7/16 8:36,0.879,1.849
10/7/16 8:42,0.841,1.816
10/7/16 8:48,0.805,1.788
10/7/16 8:54,0.77,1.768
10/7/16 9:00,0.736,1.746
10/7/16 9:06,0.704,1.723
10/7/16 9:12,0.673,1.7
10/7/16 9:18,0.643,1.683
10/7/16 9:24,0.615,1.666
10/7/16 9:30,0.589,1.654
10/7/16 9:36,0.564,1.639
10/7/16 9:42,0.541,1.618
10/7/16 9:48,0.519,1.605
10/7/16 9:54,0.499,1.582
10/7/16 10:00,0.48,1.577
10/7/16 10:06,0.464,1.555
10/7/16 10:12,0.449,1.541
10/7/16 10:18,0.435,1.518
10/7/16 10:24,0.424,1.507
10/7/16 10:30,0.414,1.491
10/7/16 10:36,0.405,1.498
10/7/16 10:42,0.399,1.497
10/7/16 10:48,0.394,1.494
10/7/16 10:54,0.391,1.492
10/7/16 11:00,0.39,1.473
10/7/16 11:06,0.391,1.462
10/7/16 11:12,0.394,1.459
10/7/16 11:18,0.399,1.452
10/7/16 11:24,0.406,1.455
10/7/16 11:30,0.415,1.448
10/7/16 11:36,0.426,1.43
10/7/16 11:42,0.438,1.404
10/7/16 11:48,0.453,1.403
10/7/16 11:54,0.47,1.397
10/7/16 12:00,0.488,1.417
10/7/16 12:06,0.508,1.43
10/7/16 12:12,0.53,1.435
10/7/16 12:18,0.554,1.433
10/7/16 12:24,0.579,1.424
10/7/16 12:30,0.605,1.432
10/7/16 12:36,0.633,1.441
10/7/16 12:42,0.662,1.458
10/7/16 12:48,0.692,1.48
10/7/16 12:54,0.723,1.491
10/7/16 13:00,0.755,1.5
10/7/16 13:06,0.788,1.514
10/7/16 13:12,0.821,1.525
10/7/16 13:18,0.854,1.562
10/7/16 13:24,0.888,1.607
10/7/16 13:30,0.922,1.662
10/7/16 13:36,0.957,1.709
10/7/16 13:42,0.991,1.739
10/7/16 13:48,1.026,1.745
10/7/16 13:54,1.06,1.771
10/7/16 14:00,1.095,1.787
10/7/16 14:06,1.129,1.82
10/7/16 14:12,1.163,1.857
10/7/16 14:18,1.197,1.889
10/7/16 14:24,1.231,1.919
10/7/16 14:30,1.264,1.93
10/7/16 14:36,1.298,1.973
10/7/16 14:42,1.331,1.997
10/7/16 14:48,1.363,2.034
10/7/16 14:54,1.396,2.078
10/7/16 15:00,1.428,2.112
10/7/16 15:06,1.459,2.167
10/7/16 15:12,1.491,2.212
10/7/16 15:18,1.521,2.238
10/7/16 15:24,1.552,2.262
10/7/16 15:30,1.581,2.303
10/7/16 15:36,1.61,2.342
10/7/16 15:42,1.638,2.383
10/7/16 15:48,1.666,2.402
10/7/16 15:54,1.692,2.414
10/7/16 16:00,1.718,2.454
10/7/16 16:06,1.743,2.487
10/7/16 16:12,1.766,2.516
10/7/16 16:18,1.788,2.56
10/7/16 16:24,1.81,2.586
10/7/16 16:30,1.83,2.607
10/7/16 16:36,1.848,2.645
10/7/16 16:42,1.865,2.688
10/7/16 16:48,1.881,2.715
10/7/16 16:54,1.895,2.766
10/7/16 17:00,1.908,2.8
10/7/16 17:06,1.919,2.826
10/7/16 17:12,1.929,2.859
10/7/16 17:18,1.937,2.887
10/7/16 17:24,1.943,2.919
10/7/16 17:30,1.948,2.946
10/7/16 17:36,1.951,2.971
10/7/16 17:42,1.953,2.996
10/7/16 17:48,1.953,3.017
10/7/16 17:54,1.951,3.043
10/7/16 18:00,1.947,3.069
10/7/16 18:06,1.942,3.08
10/7/16 18:12,1.935,3.094
10/7/16 18:18,1.926,3.113
10/7/16 18:24,1.915,3.14
10/7/16 18:30,1.902,3.162
10/7/16 18:36,1.888,3.174
10/7/16 18:42,1.872,3.185
10/7/16 18:48,1.853,3.191
10/7/16 18:54,1.833,3.206
10/7/16 19:00,1.812,3.241
10/7/16 19:06,1.788,3.257
10/7/16 19:12,1.763,3.257
10/7/16 19:18,1.735,3.247
10/7/16 19:24,1.707,3.253
10/7/16 19:30,1.676,3.27
10/7/16 19:36,1.645,3.27
10/7/16 19:42,1.611,3.267
10/7/16 19:48,1.577,3.251
10/7/16 19:54,1.541,3.245
10/7/16 20:00,1.504,3.234
10/7/16 20:06,1.467,3.227
10/7/16 20:12,1.429,3.201
10/7/16 20:18,1.39,3.18
10/7/16 20:24,1.35,3.182
10/7/16 20:30,1.311,3.211
10/7/16 20:36,1.271,3.205
10/7/16 20:42,1.232,3.19
10/7/16 20:48,1.193,3.126
10/7/16 20:54,1.154,3.084
10/7/16 21:00,1.115,3.08
10/7/16 21:06,1.077,3.088
10/7/16 21:12,1.04,3.056
10/7/16 21:18,1.003,3.03
10/7/16 21:24,0.968,2.991
10/7/16 21:30,0.933,2.989
10/7/16 21:36,0.9,2.98
10/7/16 21:42,0.867,2.942
10/7/16 21:48,0.835,2.924
10/7/16 21:54,0.805,2.911
10/7/16 22:00,0.776,2.896
10/7/16 22:06,0.748,2.855
10/7/16 22:12,0.721,2.796
10/7/16 22:18,0.695,2.796
10/7/16 22:24,0.671,2.77
10/7/16 22:30,0.648,2.758
10/7/16 22:36,0.626,2.731
10/7/16 22:42,0.605,2.712
10/7/16 22:48,0.586,2.69
10/7/16 22:54,0.568,2.662
10/7/16 23:00,0.552,2.622
10/7/16 23:06,0.537,2.641
10/7/16 23:12,0.523,2.585
10/7/16 23:18,0.511,2.542
10/7/16 23:24,0.501,2.502
10/7/16 23:30,0.493,2.471
10/7/16 23:36,0.486,2.443
10/7/16 23:42,0.481,2.415
10/7/16 23:48,0.478,2.375
10/7/16 23:54,0.477,2.347
10/8/16 0:00,0.477,2.32
10/8/16 0:06,0.48,2.283
10/8/16 0:12,0.485,2.247
10/8/16 0:18,0.491,2.201
10/8/16 0:24,0.5,2.166
10/8/16 0:30,0.51,2.142
10/8/16 0:36,0.523,2.112
10/8/16 0:42,0.537,2.111
10/8/16 0:48,0.552,2.094
10/8/16 0:54,0.57,2.062
10/8/16 1:00,0.589,2.035
10/8/16 1:06,0.609,2.012
10/8/16 1:12,0.631,1.982
10/8/16 1:18,0.654,1.948
10/8/16 1:24,0.678,1.925
10/8/16 1:30,0.704,1.917
10/8/16 1:36,0.73,1.899
10/8/16 1:42,0.757,1.883
10/8/16 1:48,0.784,1.854
10/8/16 1:54,0.813,1.838
10/8/16 2:00,0.841,1.809
10/8/16 2:06,0.871,1.783
10/8/16 2:12,0.9,1.769
10/8/16 2:18,0.93,1.756
10/8/16 2:24,0.961,1.725
10/8/16 2:30,0.991,1.707
10/8/16 2:36,1.022,1.682
10/8/16 2:42,1.053,1.672
10/8/16 2:48,1.084,1.647
10/8/16 2:54,1.115,1.636
10/8/16 3:00,1.146,1.627
10/8/16 3:06,1.177,1.623
10/8/16 3:12,1.207,1.618
10/8/16 3:18,1.238,1.602
10/8/16 3:24,1.269,1.592
10/8/16 3:30,1.299,1.583
10/8/16 3:36,1.33,1.571
10/8/16 3:42,1.36,1.571
10/8/16 3:48,1.389,1.568
10/8/16 3:54,1.418,1.562
10/8/16 4:00,1.446,1.554
10/8/16 4:06,1.474,1.556
10/8/16 4:12,1.501,1.558
10/8/16 4:18,1.527,1.56
10/8/16 4:24,1.553,1.571
10/8/16 4:30,1.577,1.585
10/8/16 4:36,1.6,1.58
10/8/16 4:42,1.622,1.582
10/8/16 4:48,1.642,1.585
10/8/16 4:54,1.662,1.588
10/8/16 5:00,1.679,1.591
10/8/16 5:06,1.696,1.603
10/8/16 5:12,1.711,1.618
10/8/16 5:18,1.724,1.63
10/8/16 5:24,1.735,1.645
10/8/16 5:30,1.745,1.655
10/8/16 5:36,1.753,1.665
10/8/16 5:42,1.76,1.669
10/8/16 5:48,1.765,1.679
10/8/16 5:54,1.767,1.686
10/8/16 6:00,1.769,1.694
10/8/16 6:06,1.768,1.698
10/8/16 6:12,1.766,1.697
10/8/16 6:18,1.761,1.698
10/8/16 6:24,1.755,1.693
10/8/16 6:30,1.747,1.687
10/8/16 6:36,1.738,1.688
10/8/16 6:42,1.726,1.685
10/8/16 6:48,1.713,1.675
10/8/16 6:54,1.697,1.665
10/8/16 7:00,1.68,1.656
10/8/16 7:06,1.661,1.655
10/8/16 7:12,1.641,1.647
10/8/16 7:18,1.618,1.629
10/8/16 7:24,1.594,1.621
10/8/16 7:30,1.568,1.595
10/8/16 7:36,1.54,1.573
10/8/16 7:42,1.511,1.546
10/8/16 7:48,1.48,1.527
10/8/16 7:54,1.448,1.505
10/8/16 8:00,1.414,1.478
10/8/16 8:06,1.379,1.462
10/8/16 8:12,1.343,1.447
10/8/16 8:18,1.307,1.435
10/8/16 8:24,1.269,1.424
10/8/16 8:30,1.231,1.401
10/8/16 8:36,1.192,1.373
10/8/16 8:42,1.153,1.348
10/8/16 8:48,1.114,1.323
10/8/16 8:54,1.075,1.294
10/8/16 9:00,1.036,1.279
10/8/16 9:06,0.998,1.255
10/8/16 9:12,0.96,1.223
10/8/16 9:18,0.923,1.186
10/8/16 9:24,0.886,1.147
10/8/16 9:30,0.851,1.109
10/8/16 9:36,0.816,1.07
10/8/16 9:42,0.783,1.038
10/8/16 9:48,0.751,1.006
10/8/16 9:54,0.72,0.974
10/8/16 10:00,0.691,0.94
10/8/16 10:06,0.663,0.905
10/8/16 10:12,0.636,0.873
10/8/16 10:18,0.611,0.837
10/8/16 10:24,0.587,0.802
10/8/16 10:30,0.565,0.766
10/8/16 10:36,0.544,0.738
10/8/16 10:42,0.525,0.715
10/8/16 10:48,0.507,0.692
10/8/16 10:54,0.491,0.677
10/8/16 11:00,0.477,0.655
10/8/16 11:06,0.463,0.637
10/8/16 11:12,0.452,0.619
10/8/16 11:18,0.442,0.602
10/8/16 11:24,0.433,0.584
10/8/16 11:30,0.426,0.564
10/8/16 11:36,0.421,0.545
10/8/16 11:42,0.418,0.526
10/8/16 11:48,0.416,0.51
10/8/16 11:54,0.416,0.499
10/8/16 12:00,0.418,0.479
10/8/16 12:06,0.422,0.468
10/8/16 12:12,0.427,0.453
10/8/16 12:18,0.435,0.442
10/8/16 12:24,0.444,0.435
10/8/16 12:30,0.455,0.438
10/8/16 12:36,0.469,0.427
10/8/16 12:42,0.484,0.425
10/8/16 12:48,0.5,0.425
10/8/16 12:54,0.519,0.417
10/8/16 13:00,0.539,0.407
10/8/16 13:06,0.561,0.4
10/8/16 13:12,0.585,0.404
10/8/16 13:18,0.61,0.412
10/8/16 13:24,0.636,0.425
10/8/16 13:30,0.664,0.44
10/8/16 13:36,0.693,0.469
10/8/16 13:42,0.723,0.489
10/8/16 13:48,0.753,0.515
10/8/16 13:54,0.785,0.547
10/8/16 14:00,0.817,0.589
10/8/16 14:06,0.85,0.625
10/8/16 14:12,0.883,0.661
10/8/16 14:18,0.916,0.686
10/8/16 14:24,0.95,0.717
10/8/16 14:30,0.984,0.75
10/8/16 14:36,1.018,0.781
10/8/16 14:42,1.052,0.817
10/8/16 14:48,1.086,0.859
10/8/16 14:54,1.12,0.904
10/8/16 15:00,1.154,0.95
10/8/16 15:06,1.188,0.995
10/8/16 15:12,1.221,1.033
10/8/16 15:18,1.255,1.077
10/8/16 15:24,1.288,1.117
10/8/16 15:30,1.321,1.159
10/8/16 15:36,1.354,1.196
10/8/16 15:42,1.386,1.235
10/8/16 15:48,1.418,1.273
10/8/16 15:54,1.449,1.312
10/8/16 16:00,1.48,1.35
10/8/16 16:06,1.511,1.385
10/8/16 16:12,1.541,1.417
10/8/16 16:18,1.571,1.455
10/8/16 16:24,1.6,1.486
10/8/16 16:30,1.628,1.521
10/8/16 16:36,1.655,1.556
10/8/16 16:42,1.681,1.59
10/8/16 16:48,1.707,1.621
10/8/16 16:54,1.731,1.647
10/8/16 17:00,1.755,1.671
10/8/16 17:06,1.777,1.697
10/8/16 17:12,1.798,1.715
10/8/16 17:18,1.818,1.741
10/8/16 17:24,1.836,1.756
10/8/16 17:30,1.853,1.772
10/8/16 17:36,1.869,1.788
10/8/16 17:42,1.883,1.807
10/8/16 17:48,1.895,1.828
10/8/16 17:54,1.906,1.842
10/8/16 18:00,1.916,1.86
10/8/16 18:06,1.924,1.87
10/8/16 18:12,1.93,1.882
10/8/16 18:18,1.935,1.896
10/8/16 18:24,1.938,1.904
10/8/16 18:30,1.94,1.916
10/8/16 18:36,1.939,1.923
10/8/16 18:42,1.938,1.932
10/8/16 18:48,1.934,1.938
10/8/16 18:54,1.929,1.944
10/8/16 19:00,1.923,1.945
10/8/16 19:06,1.914,1.949
10/8/16 19:12,1.904,1.951
10/8/16 19:18,1.892,1.943
10/8/16 19:24,1.879,1.936
10/8/16 19:30,1.863,1.925
10/8/16 19:36,1.846,1.912
10/8/16 19:42,1.827,1.901
10/8/16 19:48,1.807,1.888
10/8/16 19:54,1.785,1.87
10/8/16 20:00,1.761,1.854
10/8/16 20:06,1.735,1.838
10/8/16 20:12,1.708,1.82
10/8/16 20:18,1.679,1.795
10/8/16 20:24,1.649,1.768
10/8/16 20:30,1.618,1.746
10/8/16 20:36,1.585,1.724
10/8/16 20:42,1.551,1.694
10/8/16 20:48,1.516,1.669
10/8/16 20:54,1.48,1.641
10/8/16 21:00,1.443,1.607
10/8/16 21:06,1.406,1.575
10/8/16 21:12,1.368,1.534
10/8/16 21:18,1.33,1.5
10/8/16 21:24,1.292,1.464
10/8/16 21:30,1.254,1.429
10/8/16 21:36,1.216,1.392
10/8/16 21:42,1.178,1.352
10/8/16 21:48,1.14,1.317
10/8/16 21:54,1.103,1.278
10/8/16 22:00,1.067,1.244
10/8/16 22:06,1.031,1.21
10/8/16 22:12,0.996,1.175
10/8/16 22:18,0.962,1.144
10/8/16 22:24,0.928,1.11
10/8/16 22:30,0.896,1.078
10/8/16 22:36,0.864,1.045
10/8/16 22:42,0.834,1.005
10/8/16 22:48,0.804,0.968
10/8/16 22:54,0.776,0.935
10/8/16 23:00,0.748,0.906
10/8/16 23:06,0.722,0.88
10/8/16 23:12,0.696,0.852
10/8/16 23:18,0.672,0.824
10/8/16 23:24,0.649,0.797
10/8/16 23:30,0.628,0.767
10/8/16 23:36,0.607,0.738
10/8/16 23:42,0.588,0.708
10/8/16 23:48,0.57,0.685
10/8/16 23:54,0.553,0.66
10/9/16 0:00,0.538,0.64
10/9/16 0:06,0.524,0.621
10/9/16 0:12,0.512,0.604
10/9/16 0:18,0.502,0.586
10/9/16 0:24,0.493,0.572
10/9/16 0:30,0.486,0.557
10/9/16 0:36,0.481,0.548
10/9/16 0:42,0.478,0.538
10/9/16 0:48,0.477,0.533
10/9/16 0:54,0.477,0.529
10/9/16 1:00,0.48,0.529
10/9/16 1:06,0.485,0.529
10/9/16 1:12,0.491,0.535
10/9/16 1:18,0.5,0.548
10/9/16 1:24,0.511,0.556
10/9/16 1:30,0.523,0.571
10/9/16 1:36,0.537,0.583
10/9/16 1:42,0.554,0.6
10/9/16 1:48,0.571,0.622
10/9/16 1:54,0.591,0.644
10/9/16 2:00,0.612,0.665
10/9/16 2:06,0.634,0.688
10/9/16 2:12,0.658,0.715
10/9/16 2:18,0.682,0.748
10/9/16 2:24,0.708,0.773
10/9/16 2:30,0.735,0.8
10/9/16 2:36,0.762,0.832
10/9/16 2:42,0.791,0.865
10/9/16 2:48,0.82,0.897
10/9/16 2:54,0.849,0.929
10/9/16 3:00,0.879,0.96
10/9/16 3:06,0.909,0.987
10/9/16 3:12,0.94,1.025
10/9/16 3:18,0.971,1.056
10/9/16 3:24,1.002,1.093
10/9/16 3:30,1.034,1.126
10/9/16 3:36,1.065,1.159
10/9/16 3:42,1.097,1.194
10/9/16 3:48,1.129,1.231
10/9/16 3:54,1.16,1.264
10/9/16 4:00,1.192,1.295
10/9/16 4:06,1.223,1.323
10/9/16 4:12,1.255,1.351
10/9/16 4:18,1.286,1.382
10/9/16 4:24,1.317,1.417
10/9/16 4:30,1.347,1.45
10/9/16 4:36,1.377,1.48
10/9/16 4:42,1.407,1.506
10/9/16 4:48,1.435,1.537
10/9/16 4:54,1.464,1.564
10/9/16 5:00,1.491,1.597
10/9/16 5:06,1.518,1.633
10/9/16 5:12,1.543,1.662
10/9/16 5:18,1.568,1.692
10/9/16 5:24,1.591,1.722
10/9/16 5:30,1.614,1.752
10/9/16 5:36,1.634,1.78
10/9/16 5:42,1.654,1.806
10/9/16 5:48,1.672,1.823
10/9/16 5:54,1.689,1.84
10/9/16 6:00,1.704,1.858
10/9/16 6:06,1.718,1.872
10/9/16 6:12,1.729,1.886
10/9/16 6:18,1.74,1.897
10/9/16 6:24,1.748,1.908
10/9/16 6:30,1.755,1.917
10/9/16 6:36,1.761,1.927
10/9/16 6:42,1.764,1.936
10/9/16 6:48,1.766,1.94
10/9/16 6:54,1.766,1.941
10/9/16 7:00,1.764,1.939
10/9/16 7:06,1.761,1.933
10/9/16 7:12,1.756,1.925
10/9/16 7:18,1.749,1.921
10/9/16 7:24,1.74,1.917
10/9/16 7:30,1.73,1.908
10/9/16 7:36,1.718,1.898
10/9/16 7:42,1.704,1.885
10/9/16 7:48,1.688,1.872
10/9/16 7:54,1.671,1.857
10/9/16 8:00,1.652,1.84
10/9/16 8:06,1.631,1.818
10/9/16 8:12,1.608,1.795
10/9/16 8:18,1.584,1.769
10/9/16 8:24,1.558,1.745
10/9/16 8:30,1.531,1.718
10/9/16 8:36,1.502,1.689
10/9/16 8:42,1.472,1.661
10/9/16 8:48,1.44,1.625
10/9/16 8:54,1.407,1.591
10/9/16 9:00,1.373,1.554
10/9/16 9:06,1.338,1.516
10/9/16 9:12,1.302,1.475
10/9/16 9:18,1.266,1.441
10/9/16 9:24,1.229,1.404
10/9/16 9:30,1.191,1.37
10/9/16 9:36,1.153,1.336
10/9/16 9:42,1.115,1.3
10/9/16 9:48,1.077,1.262
10/9/16 9:54,1.04,1.229
10/9/16 10:00,1.003,1.192
10/9/16 10:06,0.966,1.153
10/9/16 10:12,0.93,1.122
10/9/16 10:18,0.894,1.091
10/9/16 10:24,0.86,1.061
10/9/16 10:30,0.826,1.031
10/9/16 10:36,0.793,1.012
10/9/16 10:42,0.762,0.991
10/9/16 10:48,0.732,0.973
10/9/16 10:54,0.703,0.954
10/9/16 11:00,0.675,0.938
10/9/16 11:06,0.648,0.917
10/9/16 11:12,0.623,0.896
10/9/16 11:18,0.599,0.874
10/9/16 11:24,0.577,0.854
10/9/16 11:30,0.555,0.836
10/9/16 11:36,0.536,0.819
10/9/16 11:42,0.517,0.801
10/9/16 11:48,0.5,0.783
10/9/16 11:54,0.484,0.764
10/9/16 12:00,0.47,0.747
10/9/16 12:06,0.458,0.731
10/9/16 12:12,0.446,0.723
10/9/16 12:18,0.437,0.712
10/9/16 12:24,0.429,0.703
10/9/16 12:30,0.422,0.693
10/9/16 12:36,0.418,0.69
10/9/16 12:42,0.415,0.685
10/9/16 12:48,0.413,0.679
10/9/16 12:54,0.414,0.682
10/9/16 13:00,0.417,0.687
10/9/16 13:06,0.421,0.69
10/9/16 13:12,0.428,0.696
10/9/16 13:18,0.436,0.707
10/9/16 13:24,0.447,0.723
10/9/16 13:30,0.459,0.739
10/9/16 13:36,0.474,0.761
10/9/16 13:42,0.49,0.779
10/9/16 13:48,0.508,0.798
10/9/16 13:54,0.528,0.819
10/9/16 14:00,0.55,0.846
10/9/16 14:06,0.573,0.872
10/9/16 14:12,0.598,0.902
10/9/16 14:18,0.624,0.928
10/9/16 14:24,0.652,0.956
10/9/16 14:30,0.681,0.983
10/9/16 14:36,0.711,1.006
10/9/16 14:42,0.742,1.042
10/9/16 14:48,0.774,1.078
10/9/16 14:54,0.806,1.113
10/9/16 15:00,0.839,1.148
10/9/16 15:06,0.873,1.175
10/9/16 15:12,0.907,1.202
10/9/16 15:18,0.942,1.23
10/9/16 15:24,0.976,1.255
10/9/16 15:30,1.011,1.288
10/9/16 15:36,1.046,1.325
10/9/16 15:42,1.081,1.359
10/9/16 15:48,1.115,1.389
10/9/16 15:54,1.15,1.418
10/9/16 16:00,1.185,1.447
10/9/16 16:06,1.219,1.473
10/9/16 16:12,1.254,1.502
10/9/16 16:18,1.288,1.531
10/9/16 16:24,1.322,1.563
10/9/16 16:30,1.355,1.589
10/9/16 16:36,1.388,1.616
10/9/16 16:42,1.421,1.645
10/9/16 16:48,1.453,1.669
10/9/16 16:54,1.485,1.693
10/9/16 17:00,1.516,1.722
10/9/16 17:06,1.547,1.748
10/9/16 17:12,1.577,1.767
10/9/16 17:18,1.606,1.789
10/9/16 17:24,1.635,1.814
10/9/16 17:30,1.663,1.839
10/9/16 17:36,1.689,1.864
10/9/16 17:42,1.715,1.885
10/9/16 17:48,1.739,1.904
10/9/16 17:54,1.763,1.924
10/9/16 18:00,1.785,1.935
10/9/16 18:06,1.806,1.954
10/9/16 18:12,1.825,1.967
10/9/16 18:18,1.844,1.98
10/9/16 18:24,1.86,2.001
10/9/16 18:30,1.876,2.017
10/9/16 18:36,1.89,2.034
10/9/16 18:42,1.902,2.049
10/9/16 18:48,1.913,2.062
10/9/16 18:54,1.922,2.071
10/9/16 19:00,1.93,2.081
10/9/16 19:06,1.936,2.092
10/9/16 19:12,1.941,2.099
10/9/16 19:18,1.944,2.104
10/9/16 19:24,1.946,2.109
10/9/16 19:30,1.946,2.113
10/9/16 19:36,1.944,2.116
10/9/16 19:42,1.941,2.118
10/9/16 19:48,1.936,2.115
10/9/16 19:54,1.93,2.107
10/9/16 20:00,1.921,2.097
10/9/16 20:06,1.912,2.088
10/9/16 20:12,1.9,2.081
10/9/16 20:18,1.887,2.071
10/9/16 20:24,1.872,2.059
10/9/16 20:30,1.855,2.044
10/9/16 20:36,1.837,2.03
10/9/16 20:42,1.817,2.009
10/9/16 20:48,1.795,1.989
10/9/16 20:54,1.771,1.965
10/9/16 21:00,1.746,1.942
10/9/16 21:06,1.719,1.916
10/9/16 21:12,1.691,1.887
10/9/16 21:18,1.661,1.86
10/9/16 21:24,1.63,1.83
10/9/16 21:30,1.597,1.805
10/9/16 21:36,1.563,1.777
10/9/16 21:42,1.528,1.746
10/9/16 21:48,1.493,1.717
10/9/16 21:54,1.456,1.683
10/9/16 22:00,1.419,1.652
10/9/16 22:06,1.381,1.614
10/9/16 22:12,1.343,1.574
10/9/16 22:18,1.305,1.536
10/9/16 22:24,1.266,1.499
10/9/16 22:30,1.228,1.464
10/9/16 22:36,1.189,1.43
10/9/16 22:42,1.151,1.395
10/9/16 22:48,1.113,1.36
10/9/16 22:54,1.076,1.327
10/9/16 23:00,1.039,1.291
10/9/16 23:06,1.003,1.258
10/9/16 23:12,0.967,1.222
10/9/16 23:18,0.933,1.191
10/9/16 23:24,0.899,1.158
10/9/16 23:30,0.865,1.125
10/9/16 23:36,0.833,1.094
10/9/16 23:42,0.802,1.06
10/9/16 23:48,0.771,1.027
10/9/16 23:54,0.742,0.999
10/10/16 0:00,0.713,0.972
10/10/16 0:06,0.686,0.947
10/10/16 0:12,0.659,0.921
10/10/16 0:18,0.634,0.895
10/10/16 0:24,0.61,0.873
10/10/16 0:30,0.587,0.85
10/10/16 0:36,0.566,0.826
10/10/16 0:42,0.545,0.809
10/10/16 0:48,0.527,0.787
10/10/16 0:54,0.51,0.767
10/10/16 1:00,0.494,0.751
10/10/16 1:06,0.48,0.73
10/10/16 1:12,0.468,0.713
10/10/16 1:18,0.458,0.693
10/10/16 1:24,0.45,0.679
10/10/16 1:30,0.444,0.664
10/10/16 1:36,0.44,0.657
10/10/16 1:42,0.438,0.646
10/10/16 1:48,0.438,0.637
10/10/16 1:54,0.44,0.63
10/10/16 2:00,0.445,0.629
10/10/16 2:06,0.452,0.632
10/10/16 2:12,0.461,0.638
10/10/16 2:18,0.472,0.649
10/10/16 2:24,0.485,0.663
10/10/16 2:30,0.5,0.675
10/10/16 2:36,0.517,0.69
10/10/16 2:42,0.536,0.713
10/10/16 2:48,0.556,0.734
10/10/16 2:54,0.578,0.757
10/10/16 3:00,0.602,0.79
10/10/16 3:06,0.627,0.818
10/10/16 3:12,0.653,0.844
10/10/16 3:18,0.681,0.869
10/10/16 3:24,0.709,0.9
10/10/16 3:30,0.739,0.934
10/10/16 3:36,0.769,0.971
10/10/16 3:42,0.8,1.005
10/10/16 3:48,0.831,1.043
10/10/16 3:54,0.863,1.076
10/10/16 4:00,0.896,1.113
10/10/16 4:06,0.928,1.149
10/10/16 4:12,0.961,1.191
10/10/16 4:18,0.995,1.228
10/10/16 4:24,1.028,1.27
10/10/16 4:30,1.062,1.307
10/10/16 4:36,1.095,1.344
10/10/16 4:42,1.129,1.387
10/10/16 4:48,1.163,1.425
10/10/16 4:54,1.196,1.464
10/10/16 5:00,1.229,1.499
10/10/16 5:06,1.262,1.536
10/10/16 5:12,1.295,1.57
10/10/16 5:18,1.327,1.609
10/10/16 5:24,1.359,1.641
10/10/16 5:30,1.391,1.674
10/10/16 5:36,1.421,1.703
10/10/16 5:42,1.451,1.735
10/10/16 5:48,1.481,1.765
10/10/16 5:54,1.509,1.793
10/10/16 6:00,1.537,1.825
10/10/16 6:06,1.563,1.85
10/10/16 6:12,1.588,1.869
10/10/16 6:18,1.612,1.891
10/10/16 6:24,1.635,1.911
10/10/16 6:30,1.657,1.931
10/10/16 6:36,1.677,1.95
10/10/16 6:42,1.695,1.966
10/10/16 6:48,1.712,1.984
10/10/16 6:54,1.728,2.001
10/10/16 7:00,1.742,2.014
10/10/16 7:06,1.754,2.027
10/10/16 7:12,1.765,2.043
10/10/16 7:18,1.774,2.051
10/10/16 7:24,1.781,2.061
10/10/16 7:30,1.787,2.072
10/10/16 7:36,1.791,2.073
10/10/16 7:42,1.793,2.079
10/10/16 7:48,1.794,2.084
10/10/16 7:54,1.793,2.087
10/10/16 8:00,1.79,2.091
10/10/16 8:06,1.785,2.094
10/10/16 8:12,1.779,2.094
10/10/16 8:18,1.771,2.094
10/10/16 8:24,1.762,2.09
10/10/16 8:30,1.75,2.088
10/10/16 8:36,1.737,2.082
10/10/16 8:42,1.722,2.076
10/10/16 8:48,1.705,2.064
10/10/16 8:54,1.687,2.058
10/10/16 9:00,1.667,2.047
10/10/16 9:06,1.645,2.034
10/10/16 9:12,1.622,2.023
10/10/16 9:18,1.596,2.007
10/10/16 9:24,1.57,1.985
10/10/16 9:30,1.541,1.967
10/10/16 9:36,1.511,1.947
10/10/16 9:42,1.48,1.923
10/10/16 9:48,1.447,1.9
10/10/16 9:54,1.414,1.879
10/10/16 10:00,1.379,1.853
10/10/16 10:06,1.343,1.824
10/10/16 10:12,1.306,1.795
10/10/16 10:18,1.269,1.762
10/10/16 10:24,1.231,1.727
10/10/16 10:30,1.193,1.69
10/10/16 10:36,1.155,1.662
10/10/16 10:42,1.116,1.633
10/10/16 10:48,1.078,1.603
10/10/16 10:54,1.04,1.573
10/10/16 11:00,1.002,1.542
10/10/16 11:06,0.964,1.505
10/10/16 11:12,0.928,1.472
10/10/16 11:18,0.892,1.438
10/10/16 11:24,0.856,1.405
10/10/16 11:30,0.822,1.375
10/10/16 11:36,0.788,1.345
10/10/16 11:42,0.756,1.315
10/10/16 11:48,0.724,1.289
10/10/16 11:54,0.694,1.26
10/10/16 12:00,0.665,1.236
10/10/16 12:06,0.637,1.205
10/10/16 12:12,0.61,1.176
10/10/16 12:18,0.584,1.154
10/10/16 12:24,0.56,1.128
10/10/16 12:30,0.537,1.108
10/10/16 12:36,0.515,1.086
10/10/16 12:42,0.494,1.066
10/10/16 12:48,0.475,1.047
10/10/16 12:54,0.458,1.032
10/10/16 13:00,0.442,1.017
10/10/16 13:06,0.427,1.002
10/10/16 13:12,0.415,0.998
10/10/16 13:18,0.404,0.984
10/10/16 13:24,0.394,0.982
10/10/16 13:30,0.387,0.968
10/10/16 13:36,0.381,0.962
10/10/16 13:42,0.378,0.959
10/10/16 13:48,0.376,0.953
10/10/16 13:54,0.377,0.955
10/10/16 14:00,0.379,0.959
10/10/16 14:06,0.384,0.965
10/10/16 14:12,0.391,0.971
10/10/16 14:18,0.4,0.977
10/10/16 14:24,0.412,0.989
10/10/16 14:30,0.425,0.998
10/10/16 14:36,0.441,1.011
10/10/16 14:42,0.459,1.031
10/10/16 14:48,0.478,1.047
10/10/16 14:54,0.5,1.059
10/10/16 15:00,0.524,1.075
10/10/16 15:06,0.549,1.092
10/10/16 15:12,0.576,1.108
10/10/16 15:18,0.604,1.127
10/10/16 15:24,0.633,1.148
10/10/16 15:30,0.664,1.167
10/10/16 15:36,0.696,1.191
10/10/16 15:42,0.729,1.211
10/10/16 15:48,0.763,1.234
10/10/16 15:54,0.797,1.257
10/10/16 16:00,0.832,1.283
10/10/16 16:06,0.868,1.303
10/10/16 16:12,0.904,1.329
10/10/16 16:18,0.94,1.352
10/10/16 16:24,0.976,1.377
10/10/16 16:30,1.013,1.401
10/10/16 16:36,1.05,1.425
10/10/16 16:42,1.086,1.454
10/10/16 16:48,1.123,1.484
10/10/16 16:54,1.16,1.518
10/10/16 17:00,1.196,1.55
10/10/16 17:06,1.232,1.584
10/10/16 17:12,1.268,1.615
10/10/16 17:18,1.304,1.647
10/10/16 17:24,1.34,1.676
10/10/16 17:30,1.375,1.708
10/10/16 17:36,1.41,1.737
10/10/16 17:42,1.444,1.763
10/10/16 17:48,1.478,1.786
10/10/16 17:54,1.511,1.811
10/10/16 18:00,1.543,1.838
10/10/16 18:06,1.575,1.865
10/10/16 18:12,1.606,1.89
10/10/16 18:18,1.636,1.917
10/10/16 18:24,1.666,1.938
10/10/16 18:30,1.694,1.965
10/10/16 18:36,1.721,1.989
10/10/16 18:42,1.747,2.018
10/10/16 18:48,1.772,2.039
10/10/16 18:54,1.796,2.062
10/10/16 19:00,1.818,2.083
10/10/16 19:06,1.839,2.102
10/10/16 19:12,1.859,2.121
10/10/16 19:18,1.877,2.142
10/10/16 19:24,1.894,2.159
10/10/16 19:30,1.909,2.174
10/10/16 19:36,1.923,2.193
10/10/16 19:42,1.936,2.206
10/10/16 19:48,1.946,2.219
10/10/16 19:54,1.956,2.235
10/10/16 20:00,1.963,2.25
10/10/16 20:06,1.969,2.259
10/10/16 20:12,1.974,2.264
10/10/16 20:18,1.977,2.268
10/10/16 20:24,1.978,2.273
10/10/16 20:30,1.978,2.278
10/10/16 20:36,1.976,2.284
10/10/16 20:42,1.973,2.285
10/10/16 20:48,1.967,2.288
10/10/16 20:54,1.96,2.291
10/10/16 21:00,1.952,2.289
10/10/16 21:06,1.941,2.284
10/10/16 21:12,1.929,2.277
10/10/16 21:18,1.914,2.267
10/10/16 21:24,1.898,2.259
10/10/16 21:30,1.88,2.247
10/10/16 21:36,1.861,2.234
10/10/16 21:42,1.839,2.22
10/10/16 21:48,1.816,2.203
10/10/16 21:54,1.79,2.185
10/10/16 22:00,1.763,2.161
10/10/16 22:06,1.735,2.14
10/10/16 22:12,1.704,2.117
10/10/16 22:18,1.672,2.095
10/10/16 22:24,1.639,2.072
10/10/16 22:30,1.604,2.048
10/10/16 22:36,1.568,2.021
10/10/16 22:42,1.531,1.997
10/10/16 22:48,1.493,1.968
10/10/16 22:54,1.454,1.936
10/10/16 23:00,1.414,1.907
10/10/16 23:06,1.374,1.874
10/10/16 23:12,1.333,1.842
10/10/16 23:18,1.293,1.814
10/10/16 23:24,1.251,1.788
10/10/16 23:30,1.21,1.758
10/10/16 23:36,1.169,1.729
10/10/16 23:42,1.128,1.697
10/10/16 23:48,1.088,1.667
10/10/16 23:54,1.048,1.633